-1.65681816033545e-05,-0.999997135561757,6.26744540493431e-05,0.000327034306629588
-1.65681816033545e-05,-0.999997135561757,6.26744540493431e-05,0.000327034306629588
-1.65681816038166e-05,-0.999997135561757,6.26744540492487e-05,0.000327034306629675
-1.65681816041169e-05,-0.999997135561757,6.26744540498529e-05,0.000327034306630802
-1.65681816041169e-05,-0.999997135561757,6.26744540498529e-05,0.000327034306630802
-1.62695973691106e-05,-0.999997136265294,6.23599080175528e-05,0.000324951535562876
-1.60041853188949e-05,-0.999997136886863,6.20803105688706e-05,0.000323100179712385
-1.60041853188949e-05,-0.999997136886863,6.20803105688706e-05,0.000323100179712385
-1.49101860754391e-05,-0.99999713690126,6.23608176027141e-05,0.000323053933728336
-1.41040796974757e-05,-0.999997136911052,6.25675045985073e-05,0.00032301985784813
-1.41040796974757e-05,-0.999997136911052,6.25675045985073e-05,0.00032301985784813
-1.52556598018962e-05,-0.999997136896851,6.22722368389749e-05,0.000323068537704967
-1.59466064748495e-05,-0.999997136887652,6.20950741906829e-05,0.000323097745708513
-1.6004185317021e-05,-0.999997136886863,6.20803105689586e-05,0.000323100179711812
-1.63691259546909e-05,-0.999997136031285,6.24647568236247e-05,0.000325645793086485
-1.65515937108564e-05,-0.999997135600961,6.26569793001162e-05,0.000326918597245099
-1.65681816038166e-05,-0.999997135561757,6.26744540491786e-05,0.000327034306630197
-1.65681816033037e-05,-0.999997135561757,6.26744540492202e-05,0.000327034306630109
-1.65681816030496e-05,-0.999997135561757,6.26744540496575e-05,0.000327034306629258
-1.65681816030496e-05,-0.999997135561757,6.26744540496575e-05,0.000327034306629258
-1.61580041056144e-05,-0.999997136527071,6.22423501106206e-05,0.000324173125013763
-1.60041853183311e-05,-0.999997136886863,6.20803105685588e-05,0.000323100179711421
-1.60041853183311e-05,-0.999997136886863,6.20803105685588e-05,0.000323100179711421
-1.47188206138123e-05,-0.999997136903647,6.24098842373114e-05,0.000323045844277466
-1.41040796975835e-05,-0.999997136911052,6.25675045985443e-05,0.00032301985784768
-1.41040796975835e-05,-0.999997136911052,6.25675045985443e-05,0.00032301985784768
-1.58214840373979e-05,-0.999997135972978,6.26420459050069e-05,0.000325817808074956
-1.64935118459201e-05,-0.999997135602971,6.26712132658417e-05,0.000326912656816045
-1.65681816032684e-05,-0.999997135561756,6.267445404949e-05,0.000327034306629485
-1.47014377189714e-05,-0.999997136585988,6.25934324161503e-05,0.000323993058488542
-1.41040796976344e-05,-0.999997136911052,6.25675045983328e-05,0.000323019857848197
-1.41040796976344e-05,-0.999997136911052,6.25675045983328e-05,0.000323019857848197
-1.59883929040968e-05,-0.999997135881234,6.26492901365027e-05,0.000326089731362435
-1.64957080154032e-05,-0.999997135601759,6.26713085821628e-05,0.000326916234751723
-1.65681816033607e-05,-0.999997135561757,6.26744540485319e-05,0.000327034306629173
-1.6123822257821e-05,-0.999997136607129,6.22063413506902e-05,0.000323934692828056
-1.60041853180136e-05,-0.999997136886862,6.20803105692464e-05,0.000323100179711739
-1.60041853180136e-05,-0.999997136886862,6.20803105692464e-05,0.000323100179711739
-1.44495540337405e-05,-0.999997136906941,6.24789247062172e-05,0.000323034461785292
-1.41040796984616e-05,-0.999997136911052,6.2567504598026e-05,0.000323019857847947
-1.41040796984616e-05,-0.999997136911052,6.2567504598026e-05,0.000323019857847947
-1.61333400787091e-05,-0.99999713580148,6.26555811528195e-05,0.000326325875233114
-1.64957080165353e-05,-0.999997135601759,6.26713085823079e-05,0.00032691623475274
-1.65681816044312e-05,-0.999997135561757,6.26744540489392e-05,0.000327034306630203
-1.60896403495985e-05,-0.999997136687127,6.21703325744879e-05,0.000323696260582925
-1.60041853174802e-05,-0.999997136886862,6.20803105685062e-05,0.000323100179711285
-1.60041853174802e-05,-0.999997136886862,6.20803105685062e-05,0.000323100179711285
-1.43343959496773e-05,-0.999997136908325,6.25084513781414e-05,0.000323029593803914
-1.41616587709529e-05,-0.999997136910375,6.25527413086728e-05,0.000323022291836223
-1.41040796969488e-05,-0.999997136911052,6.25675045979531e-05,0.000323019857847773
-1.41040796969488e-05,-0.999997136911052,6.25675045979531e-05,0.000323019857847773
-1.41040796969488e-05,-0.999997136911052,6.25675045979531e-05,0.000323019857847773
-1.41040796969488e-05,-0.999997136911052,6.25675045979531e-05,0.000323019857847773
-1.41040796969534e-05,-0.999997136911052,6.2567504597908e-05,0.000323019857847825
-1.41040796969534e-05,-0.999997136911052,6.2567504597908e-05,0.000323019857847825
-1.41040796969534e-05,-0.999997136911052,6.2567504597908e-05,0.000323019857847825
-1.60041853175912e-05,-0.999997136886862,6.20803105684694e-05,0.000323100179711937
-1.60041853175912e-05,-0.999997136886862,6.20803105684694e-05,0.000323100179711937
-1.59482999704235e-05,-0.99999713688763,6.20946399660936e-05,0.000323097817296966
-1.41040796967502e-05,-0.999997136911052,6.25675045983779e-05,0.000323019857847707
-1.41616587707511e-05,-0.999997136910376,6.25527413088476e-05,0.00032302229183613
-1.42192378376356e-05,-0.999997136909696,6.25379780092844e-05,0.000323024725825033
-1.59466064756158e-05,-0.999997136887652,6.20950741904217e-05,0.000323097745707915
-1.60041853178643e-05,-0.999997136886863,6.20803105684787e-05,0.00032310017971137
-1.58890276260134e-05,-0.999997136888439,6.21098378016249e-05,0.000323095311705127
-1.4161658770873e-05,-0.999997136910375,6.25527413092355e-05,0.000323022291836463
-1.4104079696801e-05,-0.999997136911052,6.2567504598615e-05,0.000323019857848112
-1.43835074885479e-05,-0.999997136907736,6.24958591266018e-05,0.000323031669854992
-1.5948299970669e-05,-0.999997136887629,6.20946399660884e-05,0.00032309781729638
-1.5948299970669e-05,-0.999997136887629,6.20946399660884e-05,0.00032309781729638
-1.57162910335499e-05,-0.999997136890775,6.21541285724596e-05,0.000323088009699542
-1.41616587723103e-05,-0.999997136910375,6.25527413089032e-05,0.000323022291837147
-1.41040796988176e-05,-0.999997136911052,6.25675045986385e-05,0.000323019857848732
-1.45520982138712e-05,-0.999997136667377,6.25869505025251e-05,0.000323749758384923
-1.64935118468998e-05,-0.999997135602971,6.26712132651433e-05,0.000326912656815546
-1.6551593710864e-05,-0.99999713560096,6.26569792999804e-05,0.000326918597243625
-1.6452066056317e-05,-0.999997135835892,6.25521307300171e-05,0.000326224340639062
-1.60207736769025e-05,-0.999997136848119,6.20977854364761e-05,0.000323215889557114
-1.60041853181278e-05,-0.999997136886862,6.20803105687575e-05,0.000323100179711946
-1.55435543763866e-05,-0.99999713689308,6.21984192503523e-05,0.000323080707697839
-1.41040796982936e-05,-0.999997136911052,6.25675045981546e-05,0.000323019857846931
-1.41040796982936e-05,-0.999997136911052,6.25675045981546e-05,0.000323019857846931
-1.46222911035841e-05,-0.999997136904838,6.24346346203273e-05,0.000323041763759733
-1.60041853179722e-05,-0.999997136886863,6.20803105689145e-05,0.000323100179711883
-1.60041853179722e-05,-0.999997136886863,6.20803105689145e-05,0.000323100179711883
-1.60041853179722e-05,-0.999997136886863,6.20803105689145e-05,0.000323100179711883
-1.60041853175421e-05,-0.999997136886863,6.20803105684788e-05,0.00032310017971137
-1.60041853175421e-05,-0.999997136886863,6.20803105684788e-05,0.00032310017971137
-1.54859754754233e-05,-0.999997136893842,6.22131827890045e-05,0.000323078273698143
-1.41616587707464e-05,-0.999997136910376,6.25527413087797e-05,0.000323022291836273
-1.42192378376356e-05,-0.999997136909696,6.25379780092844e-05,0.000323024725825033
-1.47374491133178e-05,-0.999997136903417,6.24051078446445e-05,0.000323046631745836
-1.60041853183819e-05,-0.999997136886863,6.20803105687493e-05,0.000323100179711876
-1.60041853183819e-05,-0.999997136886863,6.20803105687493e-05,0.000323100179711876
-1.53335607057845e-05,-0.99999713689584,6.22522626935475e-05,0.000323071830760209
-1.41040796989193e-05,-0.999997136911052,6.2567504598419e-05,0.000323019857847277
-1.41787494509526e-05,-0.999997136870491,6.25707455991759e-05,0.000323141507960373
-1.50001167348699e-05,-0.999997136422968,6.26063961622151e-05,0.000324479658583912
-1.65681816048121e-05,-0.999997135561757,6.26744540492758e-05,0.00032703430662969
-1.65681816048121e-05,-0.999997135561757,6.26744540492758e-05,0.00032703430662969
-1.6346003197701e-05,-0.999997136085695,6.24403980214008e-05,0.000325484500978823
-1.60212763538706e-05,-0.999997136846945,6.20983149771437e-05,0.000323219395915386
-1.6004185317531e-05,-0.999997136886862,6.20803105684065e-05,0.000323100179711403
-1.52217898400048e-05,-0.99999713689729,6.22809212439612e-05,0.000323067105941148
-1.41040796969581e-05,-0.999997136911052,6.25675045984633e-05,0.000323019857847316
-1.41040796969581e-05,-0.999997136911052,6.25675045984633e-05,0.000323019857847316
-1.49677650472581e-05,-0.999997136900534,6.23460541685717e-05,0.000323056367722412
-1.60041853179245e-05,-0.999997136886862,6.20803105692047e-05,0.000323100179711824
-1.60041853179245e-05,-0.999997136886862,6.20803105692047e-05,0.000323100179711824
-1.5082922971094e-05,-0.999997136899072,6.23165272678586e-05,0.000323061235714378
-1.4104079697177e-05,-0.999997136911052,6.25675045981048e-05,0.000323019857848158
-1.4104079697177e-05,-0.999997136911052,6.25675045981048e-05,0.000323019857848158
-1.5336130628106e-05,-0.999997136239178,6.26209802469807e-05,0.000325027083513477
-1.64957080154125e-05,-0.999997135601759,6.2671308583017e-05,0.000326916234753213
-1.64957080154125e-05,-0.999997135601759,6.2671308583017e-05,0.000326916234753213
-1.52241259964761e-05,-0.999997136300487,6.26161189005902e-05,0.000324844608557966
-1.41040796977407e-05,-0.999997136911052,6.25675045981767e-05,0.000323019857847328
-1.41787494497679e-05,-0.99999713687049,6.25707455988032e-05,0.000323141507960259
-1.552280501559e-05,-0.999997136136896,6.26290824568097e-05,0.000325331208391287
-1.64935118460264e-05,-0.999997135602971,6.26712132655573e-05,0.000326912656816513
-1.64957080154202e-05,-0.999997135601759,6.26713085830058e-05,0.000326916234752509
-1.504623628718e-05,-0.999997136397766,6.26083979071541e-05,0.000324554795350519
-1.41765532798534e-05,-0.999997136871684,6.25706502753822e-05,0.0003231379300162
-1.41040796970706e-05,-0.999997136911052,6.25675045980685e-05,0.000323019857847801
-1.56721445263564e-05,-0.999997136054978,6.26355641944106e-05,0.000325574508252531
-1.64935118467887e-05,-0.999997135602971,6.26712132655974e-05,0.000326912656817459
-1.65681816040754e-05,-0.999997135561757,6.26744540495963e-05,0.000327034306630875
-1.61921858941635e-05,-0.999997136446954,6.22783588563384e-05,0.000324411557141467
-1.6021276354569e-05,-0.999997136846945,6.20983149773146e-05,0.000323219395916184
-1.60041853182771e-05,-0.999997136886863,6.20803105687532e-05,0.000323100179712216
-1.64023020382269e-05,-0.99999713595317,6.24997063971401e-05,0.000325877212149493
-1.65681816044517e-05,-0.999997135561757,6.26744540493266e-05,0.000327034306629818
-1.65681816044517e-05,-0.999997135561757,6.26744540493266e-05,0.000327034306629818
-1.61580041061922e-05,-0.999997136527071,6.22423501108452e-05,0.000324173125014405
-1.60041853183358e-05,-0.999997136886862,6.20803105684691e-05,0.000323100179711937
-1.60041853183358e-05,-0.999997136886862,6.20803105684691e-05,0.000323100179711937
-1.4564712086483e-05,-0.999997136905541,6.2449397992923e-05,0.000323039329768177
-1.41040796968627e-05,-0.999997136911052,6.25675045984467e-05,0.000323019857847767
-1.41765532798346e-05,-0.999997136871684,6.25706502760151e-05,0.000323137930016044
-1.59883929043877e-05,-0.999997135881235,6.26492901368587e-05,0.000326089731362937
-1.65681816040707e-05,-0.999997135561757,6.26744540490264e-05,0.000327034306630309
-1.65510910472396e-05,-0.999997135602149,6.26564497619846e-05,0.000326915090899628
-1.61238222578351e-05,-0.999997136607128,6.22063413503389e-05,0.000323934692828161
-1.60041853178643e-05,-0.999997136886863,6.20803105684787e-05,0.00032310017971137
-1.59466064754586e-05,-0.999997136887652,6.20950741904254e-05,0.000323097745708003
-1.43919749947373e-05,-0.999997136907634,6.24936880478456e-05,0.000323032027793991
-1.41616587709699e-05,-0.999997136910375,6.25527413090065e-05,0.00032302229183566
-1.41040796971261e-05,-0.999997136911052,6.2567504598511e-05,0.000323019857847325
-1.61333400773134e-05,-0.99999713580148,6.26555811529901e-05,0.000326325875232754
-1.64957080149731e-05,-0.99999713560176,6.26713085823132e-05,0.000326916234752644
-1.65681816033037e-05,-0.999997135561757,6.26744540490453e-05,0.000327034306630176
-1.60896403496378e-05,-0.999997136687127,6.21703325750388e-05,0.000323696260582996
-1.6004185317758e-05,-0.999997136886863,6.20803105689384e-05,0.000323100179711383
-1.6004185317758e-05,-0.999997136886863,6.20803105689384e-05,0.000323100179711383
-1.4334395949545e-05,-0.999997136908325,6.25084513786977e-05,0.00032302959380397
-1.41040796968627e-05,-0.999997136911052,6.25675045984467e-05,0.000323019857847767
-1.41040796968627e-05,-0.999997136911052,6.25675045984467e-05,0.000323019857847767
-1.6278287252499e-05,-0.999997135721649,6.26618721446058e-05,0.000326562019066947
-1.65681816038166e-05,-0.999997135561757,6.26744540495116e-05,0.000327034306629844
-1.65681816038166e-05,-0.999997135561757,6.26744540495116e-05,0.000327034306629844
-1.60554583822213e-05,-0.999997136767066,6.21343237839293e-05,0.000323457828278683
-1.60041853178643e-05,-0.999997136886863,6.20803105684787e-05,0.00032310017971137
-1.60041853178643e-05,-0.999997136886863,6.20803105684787e-05,0.00032310017971137
-1.41616587706142e-05,-0.999997136910375,6.25527413089602e-05,0.000323022291836875
-1.41616587706142e-05,-0.999997136910375,6.25527413089602e-05,0.000323022291836875
-1.41040796967548e-05,-0.999997136911052,6.25675045985926e-05,0.00032301985784856
-1.5948299971153e-05,-0.999997136887629,6.20946399664122e-05,0.00032309781729686
-1.60041853179722e-05,-0.999997136886863,6.20803105689145e-05,0.000323100179711883
-1.60041853179722e-05,-0.999997136886863,6.20803105689145e-05,0.000323100179711883
-1.60041853179722e-05,-0.999997136886863,6.20803105689145e-05,0.000323100179711883
-1.60041853179213e-05,-0.999997136886863,6.20803105689584e-05,0.000323100179711812
-1.60212763544166e-05,-0.999997136846945,6.2098314977766e-05,0.000323219395915858
-1.65681816043962e-05,-0.999997135561757,6.26744540492864e-05,0.000327034306629652
-1.65681816043962e-05,-0.999997135561757,6.26744540492864e-05,0.000327034306629652
-1.65681816043962e-05,-0.999997135561757,6.26744540492864e-05,0.000327034306629652
-1.65681816043962e-05,-0.999997135561757,6.26744540492864e-05,0.000327034306629652
-1.65681816042945e-05,-0.999997135561757,6.26744540498359e-05,0.00032703430663084
-1.65510910476652e-05,-0.999997135602149,6.265644976287e-05,0.000326915090900204
-1.60041853172833e-05,-0.999997136886863,6.20803105692818e-05,0.000323100179711114
-1.60041853172833e-05,-0.999997136886863,6.20803105692818e-05,0.000323100179711114
-1.58890276252446e-05,-0.999997136888438,6.21098378024492e-05,0.000323095311704931
-1.41616587706556e-05,-0.999997136910375,6.25527413090591e-05,0.000323022291836138
-1.41040796969135e-05,-0.999997136911052,6.25675045985226e-05,0.000323019857847741
-1.43215004462254e-05,-0.999997136792889,6.25769416118036e-05,0.00032337407432678
-1.65681816031004e-05,-0.999997135561757,6.26744540498875e-05,0.000327034306630377
-1.65681816031004e-05,-0.999997135561757,6.26744540498875e-05,0.000327034306630377
-1.6516909888038e-05,-0.999997135682888,6.26204411775054e-05,0.000326676659394093
-1.6004185317323e-05,-0.999997136886863,6.20803105691781e-05,0.000323100179711592
-1.6004185317323e-05,-0.999997136886863,6.20803105691781e-05,0.000323100179711592
-1.57738699043802e-05,-0.99999713689,6.21393649929182e-05,0.00032309044370114
-1.41616587706894e-05,-0.999997136910376,6.25527413089667e-05,0.00032302229183611
-1.41040796967502e-05,-0.999997136911052,6.25675045983779e-05,0.000323019857847707
-1.4439393026512e-05,-0.999997136907063,6.24815300030969e-05,0.000323034032257306
-1.59482999711022e-05,-0.999997136887629,6.20946399660883e-05,0.00032309781729638
-1.60041853179768e-05,-0.999997136886863,6.20803105687628e-05,0.00032310017971136
-1.61238222581032e-05,-0.999997136607128,6.22063413505829e-05,0.00032393469282829
-1.65681816038675e-05,-0.999997135561757,6.26744540500455e-05,0.000327034306631324
-1.65681816038675e-05,-0.999997135561757,6.26744540500455e-05,0.000327034306631324
-1.64314567306409e-05,-0.999997135884477,6.2530419647505e-05,0.000326080580372392
-1.60212763544627e-05,-0.999997136846945,6.20983149776589e-05,0.000323219395916169
-1.59482999711069e-05,-0.999997136887629,6.2094639966449e-05,0.000323097817297156
-1.55012169503909e-05,-0.999997136893641,6.22092747943205e-05,0.00032307891799306
-1.41599652697017e-05,-0.999997136910395,6.25531755231511e-05,0.00032302222024917
-1.41040796977915e-05,-0.999997136911052,6.25675045981651e-05,0.000323019857848844
-1.47761074729471e-05,-0.999997136545264,6.25966733625998e-05,0.000324114708527161
-1.6493511847373e-05,-0.999997135602971,6.2671213265046e-05,0.000326912656816374
-1.65681816047105e-05,-0.999997135561757,6.26744540489489e-05,0.000327034306629867
-1.63972753626517e-05,-0.999997135965009,6.2494411008028e-05,0.000325842148658453
-1.60212763539387e-05,-0.999997136846945,6.20983149779344e-05,0.000323219395915187
-1.60041853173911e-05,-0.999997136886863,6.20803105692809e-05,0.000323100179711302
-1.62032446944279e-05,-0.999997136421022,6.22900087414816e-05,0.000324488696933587
-1.65681816037355e-05,-0.999997135561757,6.26744540494447e-05,0.00032703430662984
-1.64935118465966e-05,-0.999997135602971,6.26712132652861e-05,0.000326912656816426
-1.55974747707006e-05,-0.999997136095946,6.26323233291012e-05,0.000325452858326384
-1.41040796966641e-05,-0.999997136911052,6.25675045979556e-05,0.000323019857848257
-1.41040796966641e-05,-0.999997136911052,6.25675045979556e-05,0.000323019857848257
-1.51494562416393e-05,-0.999997136341334,6.26128779943059e-05,0.000324722958575895
-1.6493511846336e-05,-0.999997135602971,6.2671213265123e-05,0.000326912656815976
-1.65681816038166e-05,-0.999997135561757,6.26744540489202e-05,0.000327034306629211
-1.63193617250295e-05,-0.999997136148352,6.24123324365412e-05,0.000325298664386297
-1.60041853179245e-05,-0.999997136886862,6.20803105690277e-05,0.000323100179711362
-1.60041853179245e-05,-0.999997136886862,6.20803105690277e-05,0.000323100179711362
-1.51405019220216e-05,-0.999997136898335,6.23017638019695e-05,0.00032306366971053
-1.41040796970753e-05,-0.999997136911052,6.25675045980917e-05,0.000323019857848246
-1.41040796970753e-05,-0.999997136911052,6.25675045980917e-05,0.000323019857848246
-1.53734655053017e-05,-0.999997136218732,6.26226006922573e-05,0.000325087908493483
-1.65681816033592e-05,-0.999997135561757,6.26744540490333e-05,0.000327034306629745
-1.65681816033592e-05,-0.999997135561757,6.26744540490333e-05,0.000327034306629745
-1.6286185500652e-05,-0.999997136226327,6.23773828274305e-05,0.000325067245183935
-1.60041853171753e-05,-0.999997136886862,6.20803105690383e-05,0.000323100179711403
-1.60041853171753e-05,-0.999997136886862,6.20803105690383e-05,0.000323100179711403
-1.50253440127338e-05,-0.999997136899805,6.23312907230634e-05,0.000323058801718301
-1.41040796979487e-05,-0.999997136911052,6.25675045980807e-05,0.000323019857848345
-1.41040796979487e-05,-0.999997136911052,6.25675045980807e-05,0.000323019857848345
-1.54481352605986e-05,-0.999997136177824,6.26258415780362e-05,0.000325209558447166
-1.65681816031004e-05,-0.999997135561757,6.26744540493473e-05,0.000327034306629715
-1.65681816031004e-05,-0.999997135561757,6.26744540493473e-05,0.000327034306629715
-1.62530092207508e-05,-0.999997136304247,6.2342433203685e-05,0.000324835825925519
-1.60041853178643e-05,-0.999997136886863,6.20803105684787e-05,0.00032310017971137
-1.60041853178643e-05,-0.999997136886863,6.20803105684787e-05,0.00032310017971137
-1.49101860748339e-05,-0.99999713690126,6.23608176029185e-05,0.000323053933727983
-1.41040796969182e-05,-0.999997136911052,6.25675045985331e-05,0.000323019857848154
-1.41040796969182e-05,-0.999997136911052,6.25675045985331e-05,0.000323019857848154
-1.5597474770785e-05,-0.999997136095946,6.26323233291659e-05,0.000325452858326786
-1.65681816038228e-05,-0.999997135561757,6.26744540492025e-05,0.000327034306630254
-1.65681816038228e-05,-0.999997135561757,6.26744540492025e-05,0.000327034306630254
-1.62198328842817e-05,-0.999997136382111,6.2307483565364e-05,0.000324604406611663
-1.60207736769869e-05,-0.999997136848119,6.20977854360645e-05,0.000323215889556626
-1.60041853179026e-05,-0.999997136886863,6.2080310568506e-05,0.000323100179711285
-1.47950281078321e-05,-0.999997136902702,6.23903444411079e-05,0.000323049065738821
-1.41616587713955e-05,-0.999997136910375,6.25527413089711e-05,0.00032302229183552
-1.41040796973899e-05,-0.999997136911052,6.25675045983821e-05,0.000323019857847115
-1.57468142810963e-05,-0.999997136013988,6.26388050531375e-05,0.000325696158168642
-1.65681816029941e-05,-0.999997135561757,6.26744540494106e-05,0.000327034306630539
-1.65681816029941e-05,-0.999997135561757,6.26744540494106e-05,0.000327034306630539
-1.65681816029941e-05,-0.999997135561757,6.26744540494106e-05,0.000327034306630539
-1.65681816030449e-05,-0.999997135561757,6.2674454049913e-05,0.000327034306630801
-1.65681816030449e-05,-0.999997135561757,6.2674454049913e-05,0.000327034306630801
-1.61409131889798e-05,-0.999997136567107,6.22243457328342e-05,0.000324053908928567
-1.60041853178643e-05,-0.999997136886863,6.20803105684787e-05,0.00032310017971137
-1.60041853178643e-05,-0.999997136886863,6.20803105684787e-05,0.00032310017971137
-1.45071330629703e-05,-0.999997136906243,6.2464161355115e-05,0.000323036895777019
-1.41616587706142e-05,-0.999997136910375,6.25527413089602e-05,0.000323022291836875
-1.41040796970198e-05,-0.999997136911052,6.25675045985791e-05,0.000323019857848427
-1.60608664902992e-05,-0.999997135841367,6.26524356484103e-05,0.000326207803302322
-1.64957080152968e-05,-0.999997135601759,6.26713085828565e-05,0.000326916234752649
-1.65681816030925e-05,-0.999997135561757,6.26744540493481e-05,0.000327034306630074
-1.44774284594756e-05,-0.99999713670804,6.25837095354926e-05,0.000323628108318773
-1.41787494489101e-05,-0.99999713687049,6.25707455996352e-05,0.000323141507960951
-1.41040796969182e-05,-0.999997136911052,6.25675045985331e-05,0.000323019857848154
-1.62695025746243e-05,-0.99999713572649,6.26614908731184e-05,0.000326547707320258
-1.64935118456613e-05,-0.999997135602971,6.26712132657472e-05,0.000326912656816507
-1.65681816029386e-05,-0.999997135561757,6.26744540495441e-05,0.000327034306629751
-1.6070538669884e-05,-0.999997136731805,6.21502100170865e-05,0.000323563019008782
-1.6020773677263e-05,-0.999997136848119,6.20977854361217e-05,0.000323215889557088
-1.60041853182818e-05,-0.999997136886863,6.20803105688535e-05,0.000323100179711812
-1.65510910468424e-05,-0.999997135602149,6.26564497627637e-05,0.000326915090899772
-1.65510910468424e-05,-0.999997135602149,6.26564497627637e-05,0.000326915090899772
-1.65681816034101e-05,-0.999997135561757,6.26744540496275e-05,0.000327034306630384
-1.60212763544627e-05,-0.999997136846945,6.20983149775203e-05,0.000323219395915248
-1.60041853178643e-05,-0.999997136886863,6.20803105684787e-05,0.00032310017971137
-1.60041853178643e-05,-0.999997136886863,6.20803105684787e-05,0.00032310017971137
-1.41599652692305e-05,-0.999997136910396,6.25531755232768e-05,0.000323022220248127
-1.41040796973758e-05,-0.999997136911052,6.25675045984055e-05,0.000323019857847694
-1.41040796973758e-05,-0.999997136911052,6.25675045984055e-05,0.000323019857847694
-1.41040796972172e-05,-0.999997136911052,6.25675045983778e-05,0.000323019857847707
-1.41040796972172e-05,-0.999997136911052,6.25675045983778e-05,0.000323019857847707
-1.41616587712243e-05,-0.999997136910376,6.25527413087795e-05,0.000323022291836273
-1.6004185317172e-05,-0.999997136886863,6.20803105689148e-05,0.000323100179711883
-1.6004185317172e-05,-0.999997136886863,6.20803105689148e-05,0.000323100179711883
-1.6004185317172e-05,-0.999997136886863,6.20803105689148e-05,0.000323100179711883
-1.6004185317172e-05,-0.999997136886863,6.20803105689148e-05,0.000323100179711883
-1.60041853168178e-05,-0.999997136886863,6.20803105693804e-05,0.000323100179711713
-1.60383673747769e-05,-0.999997136807013,6.21163193829238e-05,0.000323338612104758
-1.65681816039291e-05,-0.999997135561757,6.26744540492821e-05,0.000327034306629654
-1.65681816039291e-05,-0.999997135561757,6.26744540492821e-05,0.000327034306629654
-1.62695025756501e-05,-0.99999713572649,6.26614908729305e-05,0.000326547707320131
-1.41040796983459e-05,-0.999997136911052,6.2567504597969e-05,0.000323019857847372
-1.41040796983459e-05,-0.999997136911052,6.2567504597969e-05,0.000323019857847372
-1.44664476146412e-05,-0.999997136714018,6.25832329215881e-05,0.000323610218601644
-1.64957080161334e-05,-0.999997135601759,6.26713085822042e-05,0.000326916234751379
-1.65681816041818e-05,-0.999997135561757,6.26744540489438e-05,0.000327034306628788
-1.64827286705116e-05,-0.999997135763568,6.25844325759029e-05,0.000326438227828141
-1.6021276354288e-05,-0.999997136846945,6.20983149772933e-05,0.000323219395915376
-1.6004185317796e-05,-0.999997136886862,6.20803105683284e-05,0.000323100179711363
-1.56587121550416e-05,-0.999997136891547,6.216889214176e-05,0.000323085575698476
-1.41616587719499e-05,-0.999997136910376,6.25527413090365e-05,0.000323022291836179
-1.41599652696065e-05,-0.999997136910396,6.25531755231409e-05,0.00032302222024825
-1.45511640822576e-05,-0.999997136905707,6.24528717257946e-05,0.000323038757064098
-1.5948299970669e-05,-0.999997136887629,6.20946399660884e-05,0.00032309781729638
-1.60041853175421e-05,-0.999997136886863,6.20803105684788e-05,0.00032310017971137
-1.55435543759228e-05,-0.99999713689308,6.21984192503064e-05,0.000323080707697578
-1.41040796970706e-05,-0.999997136911052,6.25675045980685e-05,0.000323019857847801
-1.41040796970706e-05,-0.999997136911052,6.25675045980685e-05,0.000323019857847801
-1.47761074719119e-05,-0.999997136545264,6.25966733626471e-05,0.000324114708526726
-1.65681816032529e-05,-0.999997135561757,6.26744540496396e-05,0.000327034306630815
-1.65681816032529e-05,-0.999997135561757,6.26744540496396e-05,0.000327034306630815
-1.6402302037204e-05,-0.999997135953169,6.24997063976062e-05,0.000325877212150159
-1.60207736766946e-05,-0.999997136848119,6.20977854366553e-05,0.000323215889557052
-1.60041853178135e-05,-0.999997136886863,6.20803105691793e-05,0.000323100179711847
-1.54283965681487e-05,-0.9999971368946,6.22279463173012e-05,0.000323075839699169
-1.41040796967502e-05,-0.999997136911052,6.25675045983779e-05,0.000323019857847707
-1.41040796967502e-05,-0.999997136911052,6.25675045983779e-05,0.000323019857847707
-1.47950281075498e-05,-0.999997136902702,6.23903444411299e-05,0.000323049065739428
-1.60041853176993e-05,-0.999997136886862,6.20803105687441e-05,0.000323100179711907
-1.60041853176993e-05,-0.999997136886862,6.20803105687441e-05,0.000323100179711907
-1.52776752760053e-05,-0.999997136896567,6.22665919738419e-05,0.000323069468350875
-1.41040796976344e-05,-0.999997136911052,6.25675045983328e-05,0.000323019857848197
-1.41040796976344e-05,-0.999997136911052,6.25675045983328e-05,0.000323019857848197
-1.50747864881485e-05,-0.99999713638216,6.26096370816077e-05,0.000324601308585144
-1.65681816042232e-05,-0.999997135561757,6.26744540493154e-05,0.000327034306630145
-1.65681816042232e-05,-0.999997135561757,6.26744540493154e-05,0.000327034306630145
-1.63289124462382e-05,-0.999997136125894,6.24223936848649e-05,0.00032536528505615
-1.60041853182803e-05,-0.999997136886862,6.20803105685059e-05,0.000323100179711285
-1.60041853182803e-05,-0.999997136886862,6.20803105685059e-05,0.000323100179711285
-1.51659043981805e-05,-0.999997136898009,6.22952505045023e-05,0.000323064743532052
-1.4159965268611e-05,-0.999997136910396,6.25531755229162e-05,0.000323022220247262
-1.4159965268611e-05,-0.999997136910396,6.25531755229162e-05,0.000323022220247262
-1.52241259959491e-05,-0.999997136300487,6.26161189005785e-05,0.000324844608557088
-1.64935118464377e-05,-0.999997135602971,6.26712132652232e-05,0.000326912656816236
-1.65681816037705e-05,-0.999997135561757,6.26744540491228e-05,0.000327034306629571
-1.62947308978016e-05,-0.999997136206248,6.23863850007158e-05,0.000325126853165778
-1.60041853178643e-05,-0.999997136886863,6.20803105684787e-05,0.00032310017971137
-1.60041853178643e-05,-0.999997136886863,6.20803105684787e-05,0.00032310017971137
-1.5054133492979e-05,-0.999997136899439,6.23239089963585e-05,0.000323060018716144
-1.41040796974313e-05,-0.999997136911052,6.25675045979311e-05,0.000323019857847944
-1.41040796974313e-05,-0.999997136911052,6.25675045979311e-05,0.000323019857847944
-1.48873009992147e-05,-0.999997135414479,6.29683039796919e-05,0.000327508694254888
-1.55399832601856e-05,-0.999997134151355,6.33022909720318e-05,0.000331249381715861
-1.55399832601856e-05,-0.999997134151355,6.33022909720318e-05,0.000331249381715861
-1.60158484746181e-05,-0.99999711905526,8.35859390799695e-05,0.000370032174361456
-1.64101702702344e-05,-0.99999710501278,0.000100487160434899,0.000402349155806015
-1.64101702702344e-05,-0.99999710501278,0.000100487160434899,0.000402349155806015
-4.57866127934823e-05,-0.999997071513428,0.000182408910758632,0.000451531717173025
-6.89561291128923e-05,-0.999997038015975,0.000247092632357039,0.00049034203001128
-6.89561291128923e-05,-0.999997038015975,0.000247092632357039,0.00049034203001128
-0.000121921307101317,-0.999996985130849,0.000371818080022271,0.000508823614117496
-0.000156320594328095,-0.999996940729451,0.000452912225836017,0.000520818465515967
-0.000156320594328095,-0.999996940729451,0.000452912225836017,0.000520818465515967
-0.000171617977927152,-0.999996892524977,0.000531059235070883,0.000534555417418719
-0.000180354408360321,-0.999996862048178,0.000575717437137755,0.00054240323008973
-0.000180354408360321,-0.999996862048178,0.000575717437137755,0.00054240323008973
-0.000154194888633677,-0.999996822825332,0.000593806399160946,0.000600202371195949
-0.000141115406573114,-0.999996801581373,0.000602851668719077,0.000629101802697805
-0.000139926371934555,-0.999996799596137,0.000603673992018686,0.000631729019144684
-0.000267847411267494,-0.999996935627887,0.000320201153577122,0.000580301274762093
-0.000317932002701759,-0.999996961792904,0.000209289228343781,0.000560185655742852
-0.000317932002701759,-0.999996961792904,0.000209289228343781,0.000560185655742852
-0.00104171343396657,-0.999996517375776,-0.000244161582677936,0.000450266932078653
-0.00123500625164992,-0.999996273878084,-0.000362967064710999,0.000421343284983605
-0.00123500625164992,-0.999996273878084,-0.000362967064710999,0.000421343284983605
-0.00201432068828135,-0.999994891126556,-0.00069254956322694,0.000250786366052858
-0.0022237012713191,-0.999994392353476,-0.000781491197564064,0.000204869503316693
-0.00225359771994132,-0.999994316731661,-0.000794204357063172,0.000198310069977236
-0.00270862084021107,-0.999993000451887,-0.00102031332662245,-6.05544377466873e-05
-0.00283010385274211,-0.99999259286333,-0.0010816740630911,-0.000130374942082946
-0.00283010385274211,-0.99999259286333,-0.0010816740630911,-0.000130374942082946
-0.00294842702332892,-0.999992010229784,-0.00124692790460083,-0.000337210960232142
-0.00297315069673649,-0.999991873106426,-0.00128425525363046,-0.000383497363654228
-0.00297315069673649,-0.999991873106426,-0.00128425525363046,-0.000383497363654228
-0.00272242416848497,-0.999992486711705,-0.00132044981521647,-0.000503611776169029
-0.00267569506699401,-0.999992592198673,-0.00132746392785809,-0.000525670006678465
-0.00266627811145545,-0.999992613120998,-0.00132888698224854,-0.000530103393702536
-0.00205532719209689,-0.999994177361369,-0.0012319335529498,-0.000534321027101757
-0.00196856966292604,-0.999994366900995,-0.00121899666548602,-0.000535940889187245
-0.00196856966292604,-0.999994366900995,-0.00121899666548602,-0.000535940889187245
-0.00115150097076341,-0.999995902778002,-0.00104225120531507,-0.000405550115119114
-0.00109708346362688,-0.999995978674911,-0.00103096918866092,-0.000398032863246577
-0.00109708346362688,-0.999995978674911,-0.00103096918866092,-0.000398032863246577
-0.000230927411274583,-0.999996818980504,-0.000804502811942604,-0.00020919459114958
-0.000230927411274583,-0.999996818980504,-0.000804502811942604,-0.00020919459114958
-0.000230927411274583,-0.999996818980504,-0.000804502811942604,-0.00020919459114958
-0.000203593737770394,-0.99999683147393,-0.000797624392691033,-0.000204139087194885
-0.000203593737770247,-0.99999683147393,-0.00079762439269106,-0.000204139087194957
-0.000181734477442471,-0.999996841960067,-0.000791678634433769,-0.000196400515121445
0.000536580444201047,-0.999996864733635,-0.000603870799894187,1.51700922452629e-05
0.000561070218304505,-0.999996854890222,-0.000597704595732173,2.10911705014612e-05
0.000577538869939206,-0.999996847858915,-0.000593500874210173,2.76323399601818e-05
0.00117603032210626,-0.999996378778047,-0.000447701338051319,0.000203058450758013
0.00117603032210626,-0.999996378778047,-0.000447701338051319,0.000203058450758013
0.00122651254791526,-0.999996317456251,-0.000438013799308867,0.000226209122135859
0.00166327996773601,-0.999995685889102,-0.000357135430749366,0.000341237402796714
0.00166327996773601,-0.999995685889102,-0.000357135430749366,0.000341237402796714
0.00169540487401981,-0.999995628733375,-0.000353305758658979,0.000354368796434932
0.00199409996993223,-0.999995076176727,-0.000315176675483002,0.000392602882071127
0.00200717587322457,-0.999995050696038,-0.000313450040502485,0.00039225407895745
0.00203820038316493,-0.999994982853314,-0.000313545595387151,0.000404947289041003
0.00231083153086846,-0.999994389753846,-0.000301329589510437,0.000414734487145113
0.00231083153086846,-0.999994389753846,-0.000301329589510437,0.000414734487145113
0.0023421838172484,-0.99999432220486,-0.000288663498644937,0.000410721488123261
0.00258118087914902,-0.999993781274517,-0.000221204427959112,0.000329046975014772
0.00259374797658868,-0.999993751111924,-0.000218197275862718,0.000323858355465742
0.00261222033123827,-0.999993717864848,-0.000163310407611025,0.000310082631234655
0.00279474005483203,-0.999993262556337,9.47384920974197e-05,0.000193856455395227
0.00279474005483203,-0.999993262556337,9.47384920974197e-05,0.000193856455395227
0.00282531916623482,-0.999993136723705,0.000233289453177354,0.000268214229194723
0.0029850680976516,-0.999992479639574,0.000580103766053657,0.000419282860646215
0.0029850680976516,-0.999992479639574,0.000580103766053657,0.000419282860646215
0.00299461706241975,-0.999992353034307,0.000652626963284175,0.000531512328259362
0.00308918117070566,-0.999991689680771,0.000870047399622627,0.000838350976766491
0.00308918117070566,-0.999991689680771,0.000870047399622627,0.000838350976766491
0.00305801105092387,-0.999991631002549,0.000926533573241932,0.000954104061167705
0.00304164768188984,-0.999991309931936,0.00105004059261815,0.00118665095602295
0.00304261751865584,-0.999991289340916,0.00105563435676653,0.00119651275783572
0.00294754867562606,-0.999991441467326,0.00108763222672392,0.00127604498036866
0.00282457354750686,-0.999991571275917,0.00114370112771846,0.00139763903611424
0.00279473189773164,-0.99999164093113,0.00114697146218292,0.00140509206065495
0.00267398365320003,-0.999991955340103,0.00115020084167825,0.00141364432266655
0.00245360994117393,-0.99999250423493,0.00115849474716679,0.00141825522307538
0.00245360994117393,-0.99999250423493,0.00115849474716679,0.00141825522307538
0.0022596798842714,-0.999993019570805,0.00114232685830502,0.00138997538827216
0.00198751781796302,-0.999993697070598,0.00111975748950686,0.00133567245696179
0.00198751781796302,-0.999993697070598,0.00111975748950686,0.00133567245696179
0.00177093592783401,-0.999994211236279,0.00108488270170828,0.0012831972350999
0.00148034059802316,-0.999994837137485,0.0010377252591342,0.00119987587847186
0.00148034059802316,-0.999994837137485,0.0010377252591342,0.00119987587847186
0.00120305654709558,-0.999995330793889,0.00101786401635776,0.00111233266463094
0.000857866625702228,-0.999995833587312,0.000995340094578078,0.000994211603582671
0.000839063795108929,-0.999995857367577,0.000994189473269188,0.000987467808106155
0.000612527606265976,-0.999996110175482,0.00093572228744822,0.000954543548197457
0.000347979918490812,-0.999996339792432,0.000867451616143529,0.00091056309855009
0.000347979918490812,-0.999996339792432,0.000867451616143529,0.00091056309855009
0.000389019597498594,-0.999996478801875,0.000740944185960084,0.000851078765595385
0.000438021735514011,-0.999996603032998,0.000608141989589428,0.000783905921067192
0.000441077769695084,-0.999996609566798,0.00060038272890711,0.000779827952894902
0.000202335126632626,-0.999996779109118,0.000630552387771666,0.000620903630682318
-3.36852526725388e-05,-0.999996864680069,0.000663365741302837,0.000460137997398482
-4.83459190337273e-05,-0.999996867257654,0.000665504770952589,0.000450029663533285
-0.000515655797684847,-0.999996717545401,0.000690477181942677,0.000452243884103655
-0.00087852959289133,-0.999996450137684,0.0007105016514186,0.000453178700614783
-0.000904429370608042,-0.999996425998393,0.000711952263503298,0.000453219237196794
-0.000643350121179292,-0.999996696031607,0.000578641855254816,0.000491412088978073
-0.000460334019940647,-0.999996833734823,0.000485331667236115,0.000517060770009681
-0.000460334019940647,-0.999996833734823,0.000485331667236115,0.000517060770009681
0.000125709232211439,-0.999996986482637,0.000455205618158568,0.000431620699040025
0.000506650122513779,-0.99999689710239,0.000436067724678434,0.000375795067698188
0.000506650122513779,-0.99999689710239,0.000436067724678434,0.000375795067698188
0.000904820068812043,-0.999996562972015,0.000530887857992443,0.000394700683198454
0.00113259693385697,-0.999996296526438,0.000584184941696417,0.000406412714990488
0.00113259693385697,-0.999996296526438,0.000584184941696417,0.000406412714990488
0.00104535754926241,-0.999996262263615,0.000628987707696725,0.000607738927147202
0.00099873223645474,-0.999996222102284,0.000650893793393591,0.000718984072311532
0.00099873223645474,-0.999996222102284,0.000650893793393591,0.000718984072311532
0.000684635354318041,-0.999996395229475,0.000683282548817394,0.000810069869629511
0.000543314279769476,-0.999996437787773,0.000695442665305076,0.0008531509848044
0.00052923225374626,-0.99999644082087,0.000696570384518898,0.000857516332994803
0.000540640027339884,-0.999996378832936,0.000785259921045745,0.000845979893641724
0.000547945656231482,-0.999996351611572,0.000816610876602202,0.000843772200677918
0.000548856491052612,-0.999996348497121,0.000819977591395823,0.000843606231567897
0.00043944642841264,-0.999996344125031,0.000763936098883099,0.000957763433109544
0.000402532697780205,-0.999996334328721,0.000738462549540403,0.00100312280376075
0.000398570391841992,-0.999996332958563,0.00073548188211875,0.00100824759803947
8.74577605751776e-05,-0.999996544536436,0.000645497519138077,0.000932140026403658
-2.43034115150099e-05,-0.999996595871172,0.000606798380832195,0.000906497041260039
-2.43034115150099e-05,-0.999996595871172,0.000606798380832195,0.000906497041260039
-5.63077842785853e-05,-0.99999672096258,0.000672364133614219,0.000696495327674649
-5.99961500305849e-05,-0.999996752865201,0.000687839647728937,0.000632314701359468
-5.99961500305849e-05,-0.999996752865201,0.000687839647728937,0.000632314701359468
1.50724004700811e-05,-0.999996775136193,0.000639104903768909,0.000650631007271957
4.69206204983797e-05,-0.999996782012009,0.000617610074725527,0.00065924777311214
4.69206204983797e-05,-0.999996782012009,0.000617610074725527,0.00065924777311214
-2.43258790048453e-05,-0.99999686717838,0.000506396599084138,0.000625211891465899
-3.36851051391663e-05,-0.999996885550798,0.000475714637613314,0.000619463759574028
-2.91737228878553e-05,-0.99999689300347,0.000482346185393404,0.000602295779571777
4.73774184962211e-05,-0.99999691947526,0.000558636872158178,0.000478545675358081
7.00764441401039e-05,-0.999996922947644,0.000570258527633821,0.00045417562249149
7.48965711515668e-05,-0.999996923547501,0.000572406421332005,0.000449358070010527
0.000258445996145577,-0.9999968493367,0.00057525012973843,0.000534691852790074
0.00031910446410172,-0.99999682252709,0.000568796914523904,0.000558447744580334
0.00031910446410172,-0.99999682252709,0.000568796914523904,0.000558447744580334
0.000356695657851261,-0.999996821912895,0.000487349946265975,0.000611316690822573
0.000369859357130396,-0.999996819621158,0.000471728600402799,0.000619442894734843
0.000373455690164302,-0.999996818918855,0.00046766829291603,0.000621494274407584
0.000507643615377691,-0.999996734732554,0.000582719418674774,0.000561734828481434
0.000528333587827168,-0.999996722344124,0.00059154090700476,0.000555454527576678
0.000528333587827168,-0.999996722344124,0.00059154090700476,0.000555454527576678
0.000797741587253431,-0.99999643193615,0.000716694518600114,0.000606925071878801
0.000843541891814962,-0.999996381815483,0.000728988057138816,0.000612907154574831
0.000843541891814962,-0.999996381815483,0.000728988057138816,0.000612907154574831
0.00114732032568801,-0.999995946985279,0.00066505941477014,0.000854196000899525
0.00118718657063006,-0.999995887141197,0.000655915591898887,0.000876555315825879
0.00118718657063006,-0.999995887141197,0.000655915591898887,0.000876555315825879
0.000955365709976475,-0.999996281803271,0.000245853747211986,0.000919509475577707
0.00095046719986377,-0.999996289062611,0.000231968117064928,0.000920298674025756
0.00095046719986377,-0.999996289062611,0.000231968117064928,0.000920298674025756
0.000244383501729343,-0.999996949916973,-0.000214905266394643,0.000613624419679506
0.000224386848806477,-0.999996957664324,-0.000228904231554761,0.000603490876657513
0.000204506617254098,-0.999996964702189,-0.000242931104118203,0.000593324259956842
-0.00072954535936654,-0.999996712409877,-0.000640672995569997,0.000121477848002107
-0.000757189297395203,-0.999996685327991,-0.000653449289793742,0.00010624110233991
-0.000757189297395203,-0.999996685327991,-0.000653449289793742,0.00010624110233991
-0.000757189297395203,-0.999996685327991,-0.000653449289793742,0.00010624110233991
-0.000757189297395259,-0.999996685327991,-0.000653449289793632,0.000106241102339948
-0.000757189297395259,-0.999996685327991,-0.000653449289793632,0.000106241102339948
-0.00170305098380315,-0.999995266639997,-0.000860219998368662,-0.000456751847513064
-0.00170305098380315,-0.999995266639997,-0.000860219998368662,-0.000456751847513064
-0.00170305098380315,-0.999995266639997,-0.000860219998368662,-0.000456751847513064
-0.00165296613025861,-0.999995471034185,-0.000401650646384567,-0.000739308187345765
-0.00165296613025861,-0.999995471034185,-0.000401650646384567,-0.000739308187345765
-0.00162699960485223,-0.999995529697344,-0.000408496368096104,-0.000713354104808133
-0.00119637675366329,-0.999996285493548,-0.000508869616801128,-0.000347878184632172
-0.00118069890887362,-0.999996306362943,-0.000512133504664509,-0.000336475227091514
-0.00116031314670305,-0.999996333073465,-0.000519693559636356,-0.000315780583861361
-0.000920512008551005,-0.999996582833867,-0.000595727055648837,-0.00011988850883428
-0.000920512008551005,-0.999996582833867,-0.000595727055648837,-0.00011988850883428
-0.000904825125850165,-0.999996599006218,-0.000594948353887148,-0.000107655434438305
-0.000732156137660734,-0.999996751359312,-0.000586086348617884,-2.59828169643179e-06
-0.000725523870420893,-0.999996756402779,-0.000585734094465821,5.93787980210377e-07
-0.000732061876682142,-0.999996744160033,-0.000598315494323081,7.68496276762191e-06
-0.000753178212958476,-0.999996683256328,-0.00066859749848786,3.82368290672949e-05
-0.000753178212958476,-0.999996683256328,-0.00066859749848786,3.82368290672949e-05
-0.000799059453440231,-0.999996634151253,-0.000688785644231089,3.24073954472835e-05
-0.00105637415109105,-0.999996307712625,-0.000806775524445938,-5.81127482003355e-06
-0.00105637415109105,-0.999996307712625,-0.000806775524445938,-5.81127482003355e-06
-0.00111348314542246,-0.999996245447426,-0.000806501306253707,-3.29807121410142e-05
-0.00142798162259033,-0.999995829295282,-0.00080590687908481,-0.000187244159933445
-0.00142798162259033,-0.999995829295282,-0.00080590687908481,-0.000187244159933445
-0.00136705429182728,-0.999995957068592,-0.000749789016416455,-0.00019264270214975
-0.00109814116799807,-0.999996435750541,-0.000507281240749398,-0.000217999260938964
-0.00109814116799807,-0.999996435750541,-0.000507281240749398,-0.000217999260938964
-0.000964021258394237,-0.999996599277961,-0.000474166174836213,-0.00017189447678133
-0.000557644149245561,-0.999996956110741,-0.000398348172104289,-2.01677213613321e-05
-0.000557644149245561,-0.999996956110741,-0.000398348172104289,-2.01677213613321e-05
-0.000578028368786335,-0.999996927808153,-0.000438493809074285,1.63213863395322e-05
-0.000636992543398747,-0.999996823145715,-0.000560750301694814,0.000125633688732312
-0.000639378016459987,-0.999996818138531,-0.000565903442840565,0.00013018297394636
-0.000637931233743418,-0.999996835438586,-0.000539118588534019,0.000117445525590709
-0.000632996909401138,-0.999996877291376,-0.000468934433344074,8.43128353198554e-05
-0.000632996909401138,-0.999996877291376,-0.000468934433344074,8.43128353198554e-05
-0.000851446730162508,-0.999996690413038,-0.000520579543951472,7.40548584180177e-05
-0.00137533362318483,-0.999996035886701,-0.000645348693722702,4.97907572979202e-05
-0.00137533362318483,-0.999996035886701,-0.000645348693722702,4.97907572979202e-05
-0.00166917898864484,-0.999995613477364,-0.000607540963758109,6.87453326153649e-06
-0.00222994923847944,-0.999994558563281,-0.000535600663312393,-7.47522574739654e-05
-0.00222994923847944,-0.999994558563281,-0.000535600663312393,-7.47522574739654e-05
-0.00278390247721785,-0.999993187394352,-0.000496164324605356,-0.000105634236523563
-0.00366219212398666,-0.999990378941752,-0.000435502248973503,-0.000151645368285973
-0.0037060911709621,-0.999990218178569,-0.000432448455164031,-0.000153978866113248
-0.00396706748137007,-0.999989232380656,-0.000398345868989485,-0.000145274439503792
-0.00438745005953812,-0.999987499651081,-0.000338757191628977,-0.000135472748097523
-0.00438745005953812,-0.999987499651081,-0.000338757191628977,-0.000135472748097523
-0.00428153605126726,-0.999987980668898,-0.000283981759746684,-9.2773312714538e-05
-0.00411642644688357,-0.999988700128228,-0.000188674014488372,-3.65654072977486e-05
-0.00411642644688357,-0.999988700128228,-0.000188674014488372,-3.65654072977486e-05
-0.00370324839727827,-0.99999032782257,-0.000106959533929687,3.25272551748586e-05
-0.00313930130079562,-0.999992257096136,2.20693653607334e-05,0.000111057687414138
-0.00313930130079562,-0.999992257096136,2.20693653607334e-05,0.000111057687414138
-0.00254590283156487,-0.999993919320597,0.000134464133384539,0.000209536987548573
-0.00187414894721997,-0.999995349253544,0.000285132439849197,0.000300037074508278
-0.00187414894721997,-0.999995349253544,0.000285132439849197,0.000300037074508278
-0.00133523403572824,-0.999996141239427,0.000389405210019416,0.000406577981393614
-0.000682781631885354,-0.999996679619676,0.000547660916651085,0.000506865006502418
-0.000682781631885354,-0.999996679619676,0.000547660916651085,0.000506865006502418
-0.00025682749937329,-0.99999676562005,0.000635925843810147,0.000616987150107466
0.000175452360907037,-0.999996643603092,0.000760350216266837,0.000697246237616809
0.000202669352720725,-0.999996628786015,0.000769321979889358,0.000701263986155423
0.000456945793970933,-0.999996433590852,0.000820976060056053,0.000795166759050804
0.000676178623857257,-0.999996199752986,0.000907221991802757,0.000838150381009163
0.000691016865993301,-0.999996181665833,0.000914361795024427,0.000839867668734656
0.00073352029284748,-0.999996110097321,0.000902752317867978,0.000899478852417768
0.000777212929635154,-0.999996030449734,0.000945737473145538,0.000907133516313826
0.000777212929635154,-0.999996030449734,0.000945737473145538,0.000907133516313826
0.000647193707592023,-0.999996175032326,0.000881224165908099,0.00091476266842669
0.000559349789501724,-0.999996253937181,0.000892540548981746,0.000874583634282896
0.000559349789501724,-0.999996253937181,0.000892540548981746,0.000874583634282896
0.000286498441065507,-0.999996488276417,0.000781186328771669,0.000844622485970827
0.000124695613088828,-0.999996578674347,0.000779873837203913,0.000775353564944815
0.000124695613088828,-0.999996578674347,0.000779873837203913,0.000775353564944815
-0.000170600757267391,-0.999996716354957,0.000622374856389869,0.000730143801390029
-0.000320622153945369,-0.999996738965205,0.00060437997970144,0.000660508121228469
-0.000334132735057039,-0.99999673940013,0.000604933479174293,0.000652599155221093
-0.000375667040946436,-0.999996872110014,0.000299288525711917,0.000638244929519317
-0.000393618356466376,-0.999996919500041,0.000219238348442745,0.000583331218789593
-0.000393618356466376,-0.999996919500041,0.000219238348442745,0.000583331218789593
-0.000247962025020631,-0.999997067804591,-0.000121966801676779,0.000412682567542053
-0.000178636643275027,-0.999997107326989,-0.000223493114138214,0.000292853512135104
-0.000178636643275027,-0.999997107326989,-0.000223493114138214,0.000292853512135104
-6.03276566598657e-05,-0.999997096083091,-0.0004289005760317,5.0159770515817e-05
-1.12319031247195e-05,-0.99999707714033,-0.00046983129491169,-8.44330668804802e-05
-1.12319031247195e-05,-0.99999707714033,-0.00046983129491169,-8.44330668804802e-05
7.83837374867995e-05,-0.999996985070445,-0.000580372813539766,-0.000262981281802625
0.000109106941319888,-0.999996952163669,-0.000585815131743415,-0.00035052165222129
0.000113331718968064,-0.999996946957216,-0.00059255775380616,-0.000352694234822583
0.000156667916450492,-0.999996906535866,-0.000615908076940327,-0.000406591749806988
0.00016927412805566,-0.999996900489047,-0.000600739733309918,-0.000437899634565954
0.000170753214347746,-0.999996899954579,-0.00059800141810958,-0.000442272114264535
0.000294292954466388,-0.999996894008505,-0.000596843721531892,-0.000389137918303597
0.00032074204169962,-0.999996897136467,-0.0005804424638932,-0.000384986070340813
0.000325070439330887,-0.999996897811785,-0.000577122749448054,-0.000384592115909748
0.000350698577274618,-0.99999694963964,-0.000511098796828932,-0.000314301910317377
0.000353100260398754,-0.999996959490424,-0.000493674699506858,-0.0003080603058385
0.000353649421438031,-0.999996962023163,-0.000489007488493852,-0.000306649565518916
9.24047878836636e-05,-0.999997096569039,-0.000385528686313679,-0.000178796609060814
4.43871895829148e-05,-0.999997112873208,-0.00035937268919644,-0.000159411551932223
3.4732393757965e-05,-0.999997115810815,-0.000353863144657058,-0.000155660964181537
0.00020313049746801,-0.99999711344563,-0.000336753254095907,2.68589392533059e-05
0.000238987228328357,-0.999997107817887,-0.000324678393298423,6.41143995977411e-05
0.000238987228328357,-0.999997107817887,-0.000324678393298423,6.41143995977411e-05
0.000726163662703264,-0.999996882320591,-0.000290939396788824,7.53355705187513e-05
0.000812204598825562,-0.999996819004588,-0.000280799650782508,7.57740012069635e-05
0.000812204598825562,-0.999996819004588,-0.000280799650782508,7.57740012069635e-05
9.33743272727305e-05,-0.999997167748909,-0.000193672757262874,2.34948032577496e-05
-3.14528245608107e-05,-0.999997175170032,-0.000175416087926177,1.33274366863709e-05
-3.14528245608107e-05,-0.999997175170032,-0.000175416087926177,1.33274366863709e-05
-0.00110834377951929,-0.999996517918602,-0.00026433027513299,0.000219408274740206
-0.00122055267724111,-0.999996380962709,-0.000270281863697179,0.00023988770067178
-0.00125798977547539,-0.999996332414308,-0.000272130782694954,0.000246678419152608
-0.00142267034646534,-0.999995993815409,-0.000522380824402208,0.000312675931522425
-0.00143419775411716,-0.999995968255674,-0.000537113525905559,0.000316771221589084
-0.00143998751498331,-0.999995955355203,-0.00054438861615023,0.000318803975604364
-0.000455009651471275,-0.999996932040107,-0.000548109381390192,0.000103626460110148
-0.000360269979223808,-0.999996973237431,-0.000546972516402445,8.26337190949254e-05
-0.000360269979223808,-0.999996973237431,-0.000546972516402445,8.26337190949254e-05
0.000850151573574782,-0.999996773184616,-0.000282027763672801,-0.000183326883327843
0.000928102969607282,-0.999996705317223,-0.000264700938567176,-0.000200496229404551
0.000928102969607282,-0.999996705317223,-0.000264700938567176,-0.000200496229404551
-0.000794515469821795,-0.99999668872364,-0.000587150368091152,-0.000169785503844536
-0.000794515469821795,-0.99999668872364,-0.000587150368091152,-0.000169785503844536
-0.000848400748427026,-0.999996638740698,-0.00059714081965323,-0.000168618106508519
-0.00134362950367198,-0.999995873944933,-0.000894458278769166,-0.000170243950458668
-0.00135864205898079,-0.999995845586453,-0.000903484235191006,-0.000170010516305843
-0.00135864205898079,-0.999995845586453,-0.000903484235191006,-0.000170010516305843
-0.00135864205898075,-0.999995845586453,-0.000903484235191257,-0.000170010516305774
-0.00135864205898075,-0.999995845586453,-0.000903484235191257,-0.000170010516305774
-0.00135864205898075,-0.999995845586453,-0.000903484235191257,-0.000170010516305774
-0.000367803721066909,-0.999996826463386,-0.000696486837187178,-0.00033011424132855
-0.000367803721066909,-0.999996826463386,-0.000696486837187178,-0.00033011424132855
-0.000310081536848268,-0.99999685630548,-0.000679387252930642,-0.000334585274630734
0.000574101023296075,-0.999996921572301,-0.000327825844007493,-0.000319483802367014
0.000574101023296075,-0.999996921572301,-0.000327825844007493,-0.000319483802367014
0.000580183117884907,-0.999996921776727,-0.000323794860025209,-0.000311876990203377
0.000780157915852405,-0.999996864878729,-0.000198494450068878,-6.68733261442065e-05
0.000780157915852405,-0.999996864878729,-0.000198494450068878,-6.68733261442065e-05
0.000773256036572573,-0.999996870716215,-0.000197399076064504,-6.28667715517517e-05
0.00067259059680236,-0.99999694827203,-0.000182620182422391,-2.0327494155989e-06
0.000687615990167729,-0.999996940404555,-0.000169266190285445,6.95087960882451e-07
0.000732767986546021,-0.999996914275977,-0.000129217730369104,8.83902610043379e-06
0.00119053095927542,-0.9999964421841,0.000270116576133899,8.70514801325682e-05
0.00119461719093359,-0.999996435294379,0.000273692143413853,9.83191773833223e-05
0.0012028116758803,-0.999996421017617,0.000280859135570423,0.000120830140638712
0.00132493616419268,-0.999996140086655,0.00038713158214452,0.000443588590777167
0.00132925778534706,-0.999996127952009,0.000390873774717959,0.000454596712816231
0.00126664729857966,-0.999996216555611,0.000353826382242028,0.000468584810840877
0.000832823524650236,-0.999996683149016,0.000100728633978897,0.000558780308143821
0.000817475079088395,-0.999996695000333,9.18894672668003e-05,0.000561751707684593
0.000742366683271852,-0.999996772102828,4.3676274125083e-05,0.000533904264553056
0.000314051327171111,-0.999997052287522,-0.000224835780633884,0.000358500558072512
0.000314051327171111,-0.999997052287522,-0.000224835780633884,0.000358500558072512
0.00027031334246189,-0.999997070037937,-0.000265524568518598,0.000314052049649946
4.33651308828817e-05,-0.999997078694372,-0.00046905756463069,5.47077372966232e-05
3.52641336376684e-05,-0.999997076203947,-0.00047607524894809,4.44758629958236e-05
3.76886435399026e-05,-0.999997064805453,-0.000501211421084923,5.73614087283999e-06
6.03416442034901e-05,-0.999996996110807,-0.000589781949465685,-0.000196395640626505
6.03416442034901e-05,-0.999996996110807,-0.000589781949465685,-0.000196395640626505
0.000126658430841318,-0.999996981993765,-0.000597870536981038,-0.000211654366989091
0.000355983937908569,-0.999996909298523,-0.000589683964930567,-0.000298709569748793
0.000355983937908569,-0.999996909298523,-0.000589683964930567,-0.000298709569748793
0.000466525150200735,-0.999996876711725,-0.00057555183937064,-0.000282748842668637
0.000812229424306949,-0.999996701549859,-0.000492017304012679,-0.000278168088701373
0.000827110128976079,-0.99999669136991,-0.000487202930747243,-0.000279387042236391
0.000964073508201375,-0.999996590108825,-0.000463939173373724,-0.00023953952576462
0.00139040317504813,-0.999996150754055,-0.000343128467020521,-0.000172640334856035
0.00140869341614402,-0.999996127614182,-0.000336437946254888,-0.000171565602657037
0.00152460494048341,-0.999995987698578,-0.000241468213180767,-0.00015538780880069
0.00186575266536385,-0.999995431537329,8.74201441357166e-05,-0.000174685229784475
0.00186575266536385,-0.999995431537329,8.74201441357166e-05,-0.000174685229784475
0.00197920997402692,-0.999995204596893,0.000226481907970125,-6.71028475737993e-05
0.00229695658784333,-0.999994324787618,0.000655960453757076,0.000162433437452973
0.00229695658784333,-0.999994324787618,0.000655960453757076,0.000162433437452973
0.00237224996508169,-0.999994017824115,0.000780361632689051,0.000331764308906152
0.00254837910741137,-0.999993122101227,0.00109981105745273,0.000658950340929859
0.0025567471133942,-0.99999307407876,0.00111582952640809,0.000672345837843847
0.00254825453473896,-0.999992892730634,0.0011929111777519,0.000824703410246886
0.00253929714576781,-0.999992385909827,0.00139576750995218,0.00110191251235234
0.00253929714576781,-0.999992385909827,0.00139576750995218,0.00110191251235234
0.00244359007705469,-0.999992499133956,0.00141357010529665,0.00118939003881881
0.00226730105531803,-0.999992648353224,0.00147999787902431,0.00132456689339017
0.00224296029587762,-0.999992691524012,0.00148088677330819,0.00133239925921819
0.00203412744097859,-0.999993157936671,0.00144500188303062,0.00135670951344559
0.00174928805319982,-0.999993719229398,0.00141853088815233,0.00136804566097316
0.00173361731713306,-0.999993747652779,0.00141785404293034,0.00136791886048747
0.00164697668405636,-0.999994140683926,0.00125371953674438,0.00134779029889803
0.00154715253283372,-0.999994565512049,0.00107804471729594,0.00130206403157536
0.00154174489369605,-0.999994587802607,0.00106896949281253,0.00129883722950975
0.0014035292067214,-0.999995141242864,0.000934650339683535,0.00112085276493362
0.00124200410629397,-0.999995709665768,0.000796006366177913,0.000886981098413578
0.00124200410629397,-0.999995709665768,0.000796006366177913,0.000886981098413578
0.00100116377052396,-0.999996180887989,0.000724943037314628,0.000701871698895681
0.000763072703461433,-0.999996548792287,0.000670337531359248,0.000503047618311408
0.000748286610985372,-0.999996568277299,0.000667473640500868,0.000490168807990326
0.0005141947286051,-0.999996768078994,0.000619578125371693,0.00044479662888163
0.000281667652967435,-0.999996905524914,0.000583411288886962,0.000389256915081008
0.000281667652967435,-0.999996905524914,0.000583411288886962,0.000389256915081008
0.000174769430009955,-0.99999695927373,0.000524587944409612,0.00039748229854391
7.51906514219783e-05,-0.999996995176761,0.000477874007161086,0.000397373875488734
7.51906514219783e-05,-0.999996995176761,0.000477874007161086,0.000397373875488734
-1.14144021071704e-05,-0.99999701297845,0.000448776073624842,0.000393433187090741
-7.82314061400741e-05,-0.999997020486067,0.000431936736263184,0.000385506471423533
-8.29851953394854e-05,-0.999997020818123,0.000430928737419481,0.000384778517442323
-0.0001542712027929,-0.999997015359528,0.000424505389915999,0.000384126742633166
-0.000200336534350876,-0.999997008592502,0.000424511514520559,0.000380456360428049
-0.000240012329447414,-0.999996999688563,0.000424854689528783,0.000380515695042503
-0.000926740710566739,-0.999996593873728,0.000430244772756193,0.000388030643411014
-0.00139664801117521,-0.999996044091567,0.000435558914580471,0.000392109333854896
-0.00139664801117521,-0.999996044091567,0.000435558914580471,0.000392109333854896
-0.00105221003811643,-0.999996463698328,0.000314012180505571,0.000499126209267371
-0.000855393303488334,-0.999996638848908,0.000245138244662792,0.000559272894785521
-0.00087546543141725,-0.999996624619991,0.000243788511455486,0.000554221809364216
-0.00129701612942131,-0.999996226358299,0.000216287783231555,0.000447798688033154
-0.0015379327159141,-0.999995913492352,0.000201296962353847,0.000386687003165206
-0.0015379327159141,-0.999995913492352,0.000201296962353847,0.000386687003165206
-0.00229725420418165,-0.999994485249539,7.1950441395564e-05,0.000359447507802236
-0.00267690724426739,-0.999993548386682,7.25793669791201e-06,0.000345811635827212
-0.00267690724426739,-0.999993548386682,7.25793669791201e-06,0.000345811635827212
-0.00282714064929037,-0.999993139273866,-0.000166968899139683,0.00028825003436627
-0.00287720747693869,-0.999992990435221,-0.000225051807968195,0.000269063171702169
-0.0028834654444539,-0.999992971392092,-0.0002323124280223,0.00026666482569442
-0.00251049163994111,-0.99999398128905,-0.000315116178815942,0.000133435165573376
-0.00237622277666987,-0.99999430476921,-0.00034492721605419,8.54717761956835e-05
-0.00237622277666987,-0.99999430476921,-0.00034492721605419,8.54717761956835e-05
-0.00169929855462256,-0.999995694255302,-0.000325355622564946,-1.68743921046236e-05
-0.00151704864696492,-0.999995988196792,-0.000320102302537939,-4.44295874006778e-05
-0.00151704864696492,-0.999995988196792,-0.000320102302537939,-4.44295874006778e-05
-0.000761896057317053,-0.999996876136477,-0.000217406064074503,-4.74556193962886e-05
-0.000627045567487073,-0.999996973578049,-0.000199074310415072,-4.79975596449683e-05
-0.000627045567487073,-0.999996973578049,-0.000199074310415072,-4.79975596449683e-05
-4.09692640648133e-05,-0.999997186444168,-6.7501006296444e-05,5.61660830529081e-05
6.00786537331776e-05,-0.999997185582921,-4.48133519978401e-05,7.41235618820801e-05
6.00786537331776e-05,-0.999997185582921,-4.48133519978401e-05,7.41235618820801e-05
0.000439076461104427,-0.9999970667039,7.98833507176387e-05,0.000222934644045857
0.000491351467050029,-0.999997036076237,9.70862334416062e-05,0.000243459417518229
0.000491351467050029,-0.999997036076237,9.70862334416062e-05,0.000243459417518229
0.000647759833796017,-0.999996887202141,0.000187940236680236,0.000391097737727977
0.000663400220429355,-0.999996869316554,0.000197026766503132,0.000405861354595113
0.000663400220429355,-0.999996869316554,0.000197026766503132,0.000405861354595113
0.000630929425250909,-0.999996836940418,0.000234737861849194,0.000505194125944551
0.000627786944311474,-0.99999683315232,0.000238387002037642,0.000514807019737076
0.000627786944311474,-0.99999683315232,0.000238387002037642,0.000514807019737076
0.000479187036606023,-0.999996904053147,0.000227853343843973,0.000540955180300829
0.000474393511656185,-0.999996905959408,0.000227513405475825,0.000541798675220555
0.0004695999879865,-0.999996907841866,0.000227173458173257,0.000542642170506424
0.000469599987986747,-0.999996907841866,0.000227173458173281,0.000542642170506368
0.000469599987986747,-0.999996907841866,0.000227173458173281,0.000542642170506368
0.000469599987986747,-0.999996907841866,0.000227173458173281,0.000542642170506368
7.75451340908136e-05,-0.999997079245083,0.000124970380728054,0.000449617845766433
7.75451340908136e-05,-0.999997079245083,0.000124970380728054,0.000449617845766433
6.56646777145354e-05,-0.999997081741524,0.000121873630041236,0.000446798781330238
6.56646777147422e-05,-0.999997081741524,0.000121873630041393,0.000446798781330118
6.11841427060639e-05,-0.999997083380655,0.000120107714954288,0.000444237064400705
6.11841427060639e-05,-0.999997083380655,0.000120107714954288,0.000444237064400705
-7.77137511842171e-05,-0.999997119434622,6.53695704523687e-05,0.000364822692788186
-7.77137511842171e-05,-0.999997119434622,6.53695704523687e-05,0.000364822692788186
-8.96518913829608e-05,-0.999997121819896,5.98015673978026e-05,0.000356404239043761
-0.000166713702054616,-0.999997133257742,2.05122715466077e-05,0.000295884831022277
-0.000166713702054616,-0.999997133257742,2.05122715466077e-05,0.000295884831022277
-0.000169444524901472,-0.999997134067869,1.82126570062843e-05,0.000291716726113781
-0.000189243159223203,-0.999997139040508,1.54065606859694e-06,0.000261497992277094
-0.000189243159223203,-0.999997139040508,1.54065606859694e-06,0.000261497992277094
-0.000186622667357096,-0.999997139828345,1.48449228425783e-06,0.000260366381846103
-0.000167624092449806,-0.999997145296408,1.07714446394228e-06,0.000252162220238981
-0.000167624092449806,-0.999997145296408,1.07714446394228e-06,0.000252162220238981
-0.000160683578593584,-0.999997146141369,2.7906629706703e-06,0.000253313767627771
-0.000120428576667737,-0.999997150008172,1.27290841913336e-05,0.000259992711914507
-0.000120428576667737,-0.999997150008172,1.27290841913336e-05,0.000259992711914507
-0.000112219462011252,-0.999997149941941,1.58109231082103e-05,0.00026372438364762
-6.62484962836176e-05,-0.999997147892854,3.30697046849456e-05,0.000284621567266595
-6.62484962836176e-05,-0.999997147892854,3.30697046849456e-05,0.000284621567266595
-5.81445275821105e-05,-0.999997146648926,3.64915719225455e-05,0.000290288362585926
-2.30274915710775e-05,-0.999997139993282,5.13202026964015e-05,0.000314844365840218
-2.16768415880084e-05,-0.999997139696235,5.1890552154168e-05,0.000315788823940098
-1.3298003645129e-05,-0.999997138189809,5.55677243872337e-05,0.000320364370972483
1.39331803425604e-05,-0.999997132571104,6.75187359841479e-05,0.000335234848785151
1.39331803425604e-05,-0.999997132571104,6.75187359841479e-05,0.000335234848785151
1.73266282734935e-05,-0.999997130906384,6.94996988261932e-05,0.000339609079200567
2.7931100695322e-05,-0.999997125481299,7.56903148763664e-05,0.000353278525761914
2.7931100695322e-05,-0.999997125481299,7.56903148763664e-05,0.000353278525761914
2.87038497456456e-05,-0.999997125341632,7.60579407948646e-05,0.000353532882715954
3.06786580442493e-05,-0.999997124981084,7.699742462725e-05,0.000354182907245131
3.0764519442992e-05,-0.99999712496529,7.70382716000441e-05,0.000354211169220266
2.8676196548613e-05,-0.999997125270083,7.6712019776186e-05,0.000353596181649927
2.36642174487046e-05,-0.999997125981816,7.59290188241966e-05,0.000352120214233767
2.36642174487046e-05,-0.999997125981816,7.59290188241966e-05,0.000352120214233767
1.86960303452871e-05,-0.999997127099791,7.37292942681371e-05,0.000349703247912083
8.75965168746336e-06,-0.999997129229656,6.93298780859047e-05,0.000344869294446017
8.75965168746336e-06,-0.999997129229656,6.93298780859047e-05,0.000344869294446017
4.06856603686105e-06,-0.999997130382659,6.76905585332309e-05,0.000341926350775375
-3.74992164754555e-06,-0.999997132230207,6.49583838331407e-05,0.00033702144724744
-4.1408464121859e-06,-0.999997132320152,6.48217759036129e-05,0.000336776202156106
-9.46096833664768e-06,-0.999997133528392,6.21792475443856e-05,0.000333564053546517
-1.70611485850401e-05,-0.999997135175343,5.84042371684107e-05,0.000328975253544389
-1.70611485850401e-05,-0.999997135175343,5.84042371684107e-05,0.000328975253544389
-1.98500614334068e-05,-0.999997135894147,5.75149919069397e-05,0.000326783186565409
-2.30108338690764e-05,-0.999997136692623,5.65071850803767e-05,0.000324298846111269
-2.31967618098065e-05,-0.999997136739058,5.64479024739547e-05,0.000324152708507649
-2.5490364794022e-05,-0.999997136498306,5.56518011142185e-05,0.000324860051826379
-2.8089779232156e-05,-0.999997136217726,5.47495475097385e-05,0.000325661705790582
-2.82426858882602e-05,-0.999997136200965,5.46964735896923e-05,0.000325708861846659
-2.74659352838756e-05,-0.999997136875752,5.4307585914657e-05,0.000323762804689303
-2.65293919277656e-05,-0.999997137571442,5.39366131945698e-05,0.000321747890141041
-2.65293919277656e-05,-0.999997137571442,5.39366131945698e-05,0.000321747890141041
-2.55262376925902e-05,-0.999997136637855,5.50010428908275e-05,0.000324538340694862
-2.45857809893815e-05,-0.999997135753605,5.5998952273174e-05,0.000327154382581796
-2.45230838894574e-05,-0.999997135694345,5.60654797904042e-05,0.000327328785184575
-2.18419447557614e-05,-0.999997136061788,5.64185891681107e-05,0.000326333942291584
-1.96076590776994e-05,-0.999997136361649,5.67128428165234e-05,0.000325504905596887
-1.96076590776994e-05,-0.999997136361649,5.67128428165234e-05,0.000325504905596887
-1.68986166789645e-05,-0.999997135866743,5.83163235728696e-05,0.000326890964758941
-1.49024810367519e-05,-0.999997135494506,5.94978381012778e-05,0.000327912268099249
-1.47394525465329e-05,-0.999997135410264,5.96077505455853e-05,0.000328156485946053
-1.43714006116162e-05,-0.999997134371734,6.00670840460253e-05,0.000331239303179873
-1.40851396637244e-05,-0.999997133557179,6.04243447537543e-05,0.000333637047679933
-1.40851396637244e-05,-0.999997133557179,6.04243447537543e-05,0.000333637047679933
-1.25232386718826e-05,-0.999997134216629,6.02376948451973e-05,0.000331751207775746
-1.15860963886253e-05,-0.999997134609405,6.01257036745386e-05,0.000330619702033675
-1.1508001140973e-05,-0.999997134642039,6.01163710355477e-05,0.000330525409827624
-1.18866292127361e-05,-0.999997133642572,6.08607869666592e-05,0.000333387252621724
-1.20931527265142e-05,-0.999997133093663,6.12668329956848e-05,0.000334948254914553
-1.20931527265142e-05,-0.999997133093663,6.12668329956848e-05,0.000334948254914553
-1.17406672318381e-05,-0.999997134166413,6.044695662697e-05,0.000331893102616826
-1.15874119262034e-05,-0.999997134629666,6.00904896951929e-05,0.000330564773005348
-1.15874119262034e-05,-0.999997134629666,6.00904896951929e-05,0.000330564773005348
-1.14911648018298e-05,-0.99999713467163,6.06939455091861e-05,0.00033033085737326
-1.14430421089945e-05,-0.999997134692451,6.09956729683662e-05,0.000330213899106064
-1.14430421089945e-05,-0.999997134692451,6.09956729683662e-05,0.000330213899106064
-1.37281841727115e-05,-0.999997133936229,6.04357159197789e-05,0.000332511858719906
-1.45851118475496e-05,-0.999997133649858,6.02257294679402e-05,0.000333373592544691
-1.45851118475496e-05,-0.999997133649858,6.02257294679402e-05,0.000333373592544691
-1.46571029280869e-05,-0.999997134810173,5.92067591252777e-05,0.000330055938388049
-1.4649361464739e-05,-0.999997135204773,5.88748808697419e-05,0.000328918135481454
-1.4649361464739e-05,-0.999997135204773,5.88748808697419e-05,0.000328918135481454
-1.43014606037077e-05,-0.999997135255412,5.96228787345553e-05,0.000328644637079195
-1.42043198214018e-05,-0.999997135255672,5.98439336072214e-05,0.000328607880280236
-1.41788945461217e-05,-0.999997135256284,5.98772195717522e-05,0.000328601052500495
-1.60411018215606e-05,-0.999997134310069,5.95254243906262e-05,0.000331446531620286
-1.66140883978468e-05,-0.999997134016575,5.94171778894525e-05,0.00033232206267929
-1.66140883978468e-05,-0.999997134016575,5.94171778894525e-05,0.00033232206267929
-1.48781299165465e-05,-0.999997135086726,5.96930174017674e-05,0.000329119239926014
-1.44923612235436e-05,-0.999997135322724,5.97543137864667e-05,0.000328407500771685
-1.44923612235436e-05,-0.999997135322724,5.97543137864667e-05,0.000328407500771685
-1.43296525143346e-05,-0.999997135293968,5.98196470693347e-05,0.000328490298944462
-1.42995212721699e-05,-0.999997135288639,5.98317458267019e-05,0.000328505631939053
-1.42937165608711e-05,-0.999997135284011,5.98363092819926e-05,0.00032851913822298
-1.49909320958187e-05,-0.999997135344649,5.88259361818447e-05,0.00032848595944038
-1.51111420143887e-05,-0.999997135354951,5.86517337641532e-05,0.000328480238633871
-1.51111420143887e-05,-0.999997135354951,5.86517337641532e-05,0.000328480238633871
-1.38521254666622e-05,-0.999997135185712,5.9911536329805e-05,0.000328823420563627
-1.37218825644069e-05,-0.999997135168017,6.004186067592e-05,0.000328858921874318
-1.36784682715462e-05,-0.999997135162111,6.00853021222022e-05,0.00032887075563334
-1.53914765468968e-05,-0.999997133933891,5.98671555059368e-05,0.000332548911987615
-1.55056770743295e-05,-0.999997133851422,5.98526120291264e-05,0.000332794122160188
-1.55291819007102e-05,-0.999997133851846,5.98183663718473e-05,0.000332797910591451
-1.45213162340369e-05,-0.999997135094978,5.900915007644e-05,0.000329233405444152
-1.44205293925118e-05,-0.999997135218501,5.89282285258439e-05,0.000328876954306405
-1.44491962692599e-05,-0.999997135174905,5.89583576295835e-05,0.000329002833728682
-1.53378667243019e-05,-0.999997133814695,5.98923612870951e-05,0.00033290508893711
-1.53665334251472e-05,-0.999997133770536,5.99224904841184e-05,0.0003330309679152
-1.53665334251472e-05,-0.999997133770536,5.99224904841184e-05,0.0003330309679152
-1.53665334251472e-05,-0.999997133770536,5.99224904841184e-05,0.0003330309679152
-1.53665334252733e-05,-0.999997133770535,5.99224904840136e-05,0.000333030967915191
-1.53665334252733e-05,-0.999997133770535,5.99224904840136e-05,0.000333030967915191
-1.43975337392147e-05,-0.999997135213274,5.89360873928099e-05,0.00032889244758368
-1.43975337392147e-05,-0.999997135213274,5.89360873928099e-05,0.00032889244758368
-1.43975337392147e-05,-0.999997135213274,5.89360873928099e-05,0.00032889244758368
-1.54692521985926e-05,-0.999997133790228,5.98805301838959e-05,0.000332974625237791
-1.54692521985926e-05,-0.999997133790228,5.98805301838959e-05,0.000332974625237791
-1.54142105565959e-05,-0.999997133878934,5.98193085890086e-05,0.000332721681961319
-1.45610623365735e-05,-0.999997135244831,5.88703755134148e-05,0.00032880105401075
-1.45610623365735e-05,-0.999997135244831,5.88703755134148e-05,0.00032880105401075
-1.44685075025363e-05,-0.99999713523455,5.89832620044244e-05,0.000328816176466352
-1.3542961094177e-05,-0.999997135130555,6.01121261091117e-05,0.000328967398853859
-1.35121096075248e-05,-0.999997135127052,6.01497548874684e-05,0.000328972439532066
-1.37104090412086e-05,-0.999997135010342,6.01171693566312e-05,0.000329324772727941
-1.56273028535151e-05,-0.999997133873666,5.98021698027626e-05,0.000332730656705631
-1.56934026171056e-05,-0.999997133834196,5.9791307552257e-05,0.00033284810086496
-1.55761195629254e-05,-0.999997134010101,5.96717722254203e-05,0.000332346197059988
-1.47258147681383e-05,-0.99999713527705,5.88051424434689e-05,0.000328707387851881
-1.47258147681383e-05,-0.99999713527705,5.88051424434689e-05,0.000328707387851881
-1.49023044963899e-05,-0.999997135024975,5.89769425930285e-05,0.000329434711349643
-1.57259207155494e-05,-0.999997133840837,5.97786777913092e-05,0.00033282888150411
-1.56952905706305e-05,-0.999997133884582,5.97493122602726e-05,0.000332704144361217
-1.55421397614734e-05,-0.999997134103043,5.96024846433567e-05,0.000332080458441966
-1.4745753286131e-05,-0.999997135232058,5.88389820482256e-05,0.000328837286132018
-1.47151229610301e-05,-0.999997135275248,5.88096165977371e-05,0.00032871254855015
-1.44708314098956e-05,-0.999997135246329,5.90896693296626e-05,0.000328761141376073
-1.35634645433641e-05,-0.999997135137689,6.01298645018561e-05,0.000328941626914685
-1.35634645433641e-05,-0.999997135137689,6.01298645018561e-05,0.000328941626914685
-1.38555099329015e-05,-0.999997135171941,5.97854808478789e-05,0.000328888095607541
-1.46342991723076e-05,-0.999997135262269,5.88671238175241e-05,0.000328745343672549
-1.46667487723164e-05,-0.999997135266001,5.88288589217234e-05,0.000328739395619269
-1.43536136646222e-05,-0.999997135228932,5.91885301810388e-05,0.000328801411316944
-1.35185883286287e-05,-0.999997135128951,6.0147652901923e-05,0.000328966784576656
-1.35185883286287e-05,-0.999997135128951,6.0147652901923e-05,0.000328966784576656
-1.38566613851403e-05,-0.999997135168876,5.97519124658816e-05,0.000328903465715012
-1.4634230972509e-05,-0.999997135259661,5.8841708836808e-05,0.000328757830509026
-1.4634230972509e-05,-0.999997135259661,5.8841708836808e-05,0.000328757830509026
-1.42343495839953e-05,-0.999997135212649,5.93050404175619e-05,0.000328835122991519
-1.35345584907464e-05,-0.999997135129463,6.01158701522779e-05,0.000328970383253392
-1.35012351478608e-05,-0.999997135125472,6.01544810752519e-05,0.000328976824167858
-1.35012351083646e-05,-0.999997135125534,6.01543312850168e-05,0.000328976662326117
-1.35026667571238e-05,-0.999997135125703,6.01538961123487e-05,0.000328976171072614
-1.35026667571238e-05,-0.999997135125703,6.01538961123487e-05,0.000328976171072614
-1.3949353974931e-05,-0.999997135178962,5.96365889809244e-05,0.000328889813487516
-1.46022057679045e-05,-0.99999713525595,5.88805242175939e-05,0.0003287635970802
-1.46365664294881e-05,-0.999997135259973,5.88407313191356e-05,0.000328756954062767
-1.46365664294881e-05,-0.999997135259973,5.88407313191356e-05,0.000328756954062767
-1.46365664294881e-05,-0.999997135259973,5.88407313191356e-05,0.000328756954062767
-1.46432669147032e-05,-0.999997135261247,5.88380732196547e-05,0.000328753254847219
-1.4201311332969e-05,-0.999997135209622,5.9353501796509e-05,0.000328837009457809
-1.35213810217974e-05,-0.999997135129288,6.0146468296863e-05,0.000328965861113158
-1.35213810217974e-05,-0.999997135129288,6.0146468296863e-05,0.000328965861113158
-1.40365167359835e-05,-0.999997135190653,5.95496901116974e-05,0.000328866304365085
-1.46203383254404e-05,-0.999997135259436,5.88733410592531e-05,0.000328753472064613
-1.46546808087969e-05,-0.999997135263456,5.88335558064104e-05,0.000328746834827102
-1.41249083864081e-05,-0.999997135201398,5.94499958838066e-05,0.000328847881164295
-1.35620262705663e-05,-0.999997135134728,6.01049630339367e-05,0.000328955241621103
-1.35620262705663e-05,-0.999997135134728,6.01049630339367e-05,0.000328955241621103
-1.41104881682271e-05,-0.999997135199841,5.94680323471079e-05,0.000328849973398299
-1.46578516738264e-05,-0.999997135264102,5.88323065969349e-05,0.000328744952353411
-1.46578516738264e-05,-0.999997135264102,5.88323065969349e-05,0.000328744952353411
-1.40418551995074e-05,-0.999997135191735,5.95475851182649e-05,0.000328863166235385
-1.35627477483593e-05,-0.999997135134824,6.01039124919616e-05,0.000328955109281856
-1.35285258181898e-05,-0.999997135130738,6.014365014889e-05,0.000328961676605871
-1.47149290941288e-05,-0.999997134404297,5.99562177386e-05,0.000331145986906393
-1.56515629255887e-05,-0.999997133826403,5.98082417017529e-05,0.000332870440546686
-1.56515629255887e-05,-0.999997133826403,5.98082417017529e-05,0.000332870440546686
-1.43625977678443e-05,-0.999997134618848,6.0012423718025e-05,0.000330502746275941
-1.35247701153318e-05,-0.99999713513002,6.01451392728989e-05,0.000328963743339425
-1.35247701153318e-05,-0.99999713513002,6.01451392728989e-05,0.000328963743339425
-1.48758795098022e-05,-0.9999971343023,5.99316643981797e-05,0.000331451111797141
-1.55836032337587e-05,-0.999997133865517,5.98198419686727e-05,0.000332754017721666
-1.5647941745923e-05,-0.9999971338257,5.98096762160968e-05,0.000332872463668292
-1.5647941745923e-05,-0.9999971338257,5.98096762160968e-05,0.000332872463668292
-1.56468225315568e-05,-0.999997133825478,5.98101191582429e-05,0.000332873104782341
-1.56468225315568e-05,-0.999997133825478,5.98101191582429e-05,0.000332873104782341
-1.49218276329296e-05,-0.999997134872532,5.91012595183287e-05,0.00032987399803921
-1.46499537143302e-05,-0.999997135262594,5.88354375411468e-05,0.000328749330967346
-1.46499537143302e-05,-0.999997135262594,5.88354375411468e-05,0.000328749330967346
-1.37951815922385e-05,-0.999997135161965,5.9828569758309e-05,0.000328913124825938
-1.35216550541217e-05,-0.999997135129397,6.01463718526836e-05,0.000328965538222268
-1.35216550541217e-05,-0.999997135129397,6.01463718526836e-05,0.000328965538222268
-1.5146806889744e-05,-0.999997134134066,5.98892285222463e-05,0.000331953696752593
-1.56468534300545e-05,-0.99999713382547,5.98101058528682e-05,0.000332873129154513
-1.56468534300545e-05,-0.99999713382547,5.98101058528682e-05,0.000332873129154513
-1.48622076123692e-05,-0.999997134959478,5.90418715657869e-05,0.000329623658990497
-1.4681134963137e-05,-0.999997135219501,5.88645869817337e-05,0.000328873779939103
-1.46509561686728e-05,-0.999997135262777,5.88350395601869e-05,0.000328748800049021
-1.36939918934305e-05,-0.999997135150036,5.99471971238192e-05,0.00032893202381606
-1.35572829734699e-05,-0.999997135133752,6.01060766710889e-05,0.000328958198330232
-1.35231057535099e-05,-0.999997135129674,6.01457965537871e-05,0.000328964741946904
-1.52732664315923e-05,-0.999997134057301,5.98688739852181e-05,0.000332182749214874
-1.56483007285586e-05,-0.99999713382575,5.98095322011436e-05,0.00033287232145704
-1.56483007285586e-05,-0.99999713382575,5.98095322011436e-05,0.00033287232145704
-1.48030341412231e-05,-0.999997135046451,5.89823074957935e-05,0.000329373030862522
-1.46520932173064e-05,-0.999997135262999,5.8834589014279e-05,0.000328748156406919
-1.46520932173064e-05,-0.999997135262999,5.8834589014279e-05,0.000328748156406919
-1.36605534686185e-05,-0.999997135146117,5.99866243710805e-05,0.00032893814227849
-1.35579805879514e-05,-0.999997135133891,6.01058003640365e-05,0.000328957795757266
-1.352378963561e-05,-0.999997135129811,6.01455256915392e-05,0.000328964346906999
-1.53985611166938e-05,-0.999997133980245,5.9848981380423e-05,0.000332412435162616
-1.5586038199616e-05,-0.999997133864436,5.98193263505458e-05,0.000332757243627032
-1.56485305583146e-05,-0.999997133825799,5.98094413166885e-05,0.000332872179767315
-1.47425621011184e-05,-0.999997135133108,5.89232582220512e-05,0.0003291231236784
-1.46519649784359e-05,-0.999997135262978,5.88346400424123e-05,0.000328748217388393
-1.46519649784359e-05,-0.999997135262978,5.88346400424123e-05,0.000328748217388393
-1.56482416316181e-05,-0.999997133825744,5.98095559173907e-05,0.000332872338335698
-1.56482416316181e-05,-0.999997133825744,5.98095559173907e-05,0.000332872338335698
-1.56482416316181e-05,-0.999997133825744,5.98095559173907e-05,0.000332872338335698
-1.56482416316181e-05,-0.999997133825744,5.98095559173907e-05,0.000332872338335698
-1.5648111684842e-05,-0.999997133825719,5.98096074371437e-05,0.000332872411434906
-1.5648111684842e-05,-0.999997133825719,5.98096074371437e-05,0.000332872411434906
-1.46817826372238e-05,-0.999997135219632,5.88643306498339e-05,0.000328873400149399
-1.46817826372238e-05,-0.999997135219632,5.88643306498339e-05,0.000328873400149399
-1.46515847621705e-05,-0.999997135262905,5.88347907931539e-05,0.000328748430819637
-1.46515847621705e-05,-0.999997135262905,5.88347907931539e-05,0.000328748430819637
-1.46515847621115e-05,-0.999997135262904,5.88347907931574e-05,0.000328748430819564
-1.46515847621115e-05,-0.999997135262904,5.88347907931574e-05,0.000328748430819564
-1.35563604090901e-05,-0.999997135133653,6.01072125112525e-05,0.000328958328132223
-1.35231718580607e-05,-0.999997135129692,6.01457707189372e-05,0.00032896468857921
-1.35231718580607e-05,-0.999997135129692,6.01457707189372e-05,0.00032896468857921
-1.55835819649289e-05,-0.999997133865498,5.98198489257066e-05,0.000332754076335285
-1.56479697577435e-05,-0.99999713382569,5.98096636576079e-05,0.000332872494574809
-1.56177756814385e-05,-0.999997133869521,5.97801222824021e-05,0.000332747523653918
-1.46817565386023e-05,-0.999997135219626,5.88643409396835e-05,0.000328873418276801
-1.46817565386023e-05,-0.999997135219626,5.88643409396835e-05,0.000328873418276801
-1.4585189995662e-05,-0.999997135255147,5.89119141549823e-05,0.000328761165218693
-1.35896075393673e-05,-0.999997135137623,6.00686310250511e-05,0.000328951937577903
-1.35232354991542e-05,-0.999997135129703,6.01457454338651e-05,0.000328964655589575
-1.36258180846081e-05,-0.999997135141939,6.00265655994514e-05,0.000328944996265998
-1.46516459676123e-05,-0.999997135262915,5.88347664488087e-05,0.000328748400636827
-1.46516459678708e-05,-0.999997135262915,5.88347664484383e-05,0.000328748400636829
-1.46516459682364e-05,-0.999997135262915,5.88347664476779e-05,0.000328748400636989
-1.46516459739717e-05,-0.999997135262915,5.88347664362835e-05,0.000328748400638965
-1.46516459739717e-05,-0.999997135262915,5.88347664362835e-05,0.000328748400638965
-1.45189317434048e-05,-0.999997135247408,5.89889834309828e-05,0.000328773819951009
-1.35565188307493e-05,-0.999997135133683,6.01071496414363e-05,0.000328958241675965
-1.35233322365448e-05,-0.999997135129722,6.01457070737818e-05,0.000328964600977505
-1.37808849339645e-05,-0.999997134972722,6.01049670346244e-05,0.000329438273924117
-1.56481413247694e-05,-0.999997133825723,5.98095956085465e-05,0.000332872399081468
-1.56481413247694e-05,-0.999997133825723,5.98095956085465e-05,0.000332872399081468
-1.52618134354555e-05,-0.999997134064293,5.9870707460197e-05,0.000332161890317758
-1.35233373126066e-05,-0.999997135129724,6.01457050742329e-05,0.000328964597432028
-1.35233373126066e-05,-0.999997135129724,6.01457050742329e-05,0.000328964597432028
-1.39607945415007e-05,-0.999997134862879,6.00765082204552e-05,0.000329769146835201
-1.56481289643145e-05,-0.999997133825721,5.98096005201219e-05,0.000332872405471127
-1.56481289643145e-05,-0.999997133825721,5.98096005201219e-05,0.000332872405471127
-1.51330228236963e-05,-0.999997134143669,5.98910837885042e-05,0.000331925061723439
-1.35233155598138e-05,-0.99999713512972,6.01457137076921e-05,0.000328964609317809
-1.35233155598138e-05,-0.99999713512972,6.01457137076921e-05,0.000328964609317809
-1.41028039323659e-05,-0.999997134776056,6.00540503767726e-05,0.000330030376272589
-1.56481057070304e-05,-0.999997133825717,5.9809609745539e-05,0.000332872418418766
-1.56481057070304e-05,-0.999997133825717,5.9809609745539e-05,0.000332872418418766
-1.53550352598026e-05,-0.999997134250389,5.95228887341684e-05,0.000331659470168555
-1.46516640340592e-05,-0.999997135262919,5.88347593117271e-05,0.000328748389078585
-1.46174708862538e-05,-0.999997135258927,5.88744855079197e-05,0.000328754941684669
-1.43097327382156e-05,-0.999997135222875,5.92320212004553e-05,0.000328813914923464
-1.35232923125019e-05,-0.999997135129715,6.01457229254826e-05,0.000328964622530319
-1.35232923125019e-05,-0.999997135129715,6.01457229254826e-05,0.000328964622530319
-1.42315592544394e-05,-0.999997134697258,6.00336884786288e-05,0.000330267224631068
-1.56480926328092e-05,-0.999997133825714,5.98096149262104e-05,0.000332872426022106
-1.56480926328092e-05,-0.999997133825714,5.98096149262104e-05,0.000332872426022106
