-2.31364153432321,0.211694799163312,2.41616127058097,-2.18752726325191,-0.155636417674657,2.02262475180498,-2.17396109776221,0.0010086817972963,0.0010086817972963
-2.31364153432321,0.21169479916331,2.41616127058097,-2.18752726325191,-0.155636417674657,2.02262475180498,-2.17396109776221,0.00100868173169594,0.00100868173169594
-2.31364715783772,0.211699268422699,2.41616668983125,-2.1875369884842,-0.155639414596578,2.02263805819149,-2.17395988500417,0.00100845492541565,0.00100845492541565
-2.31364423155947,0.211697464463886,2.41616923569184,-2.18752820837082,-0.155638167414518,2.02263048441736,-2.17396003956495,0.00100861888548508,0.00100861888548508
-2.31364715783772,0.211699268422699,2.41616668983125,-2.1875369884842,-0.155639414596578,2.0226380581915,-2.17395988500417,0.00100845478825157,0.00100845478825157
-2.31364153432321,0.211694799163312,2.41616127058097,-2.18752726325191,-0.155636417674657,2.02262475180498,-2.17396109776221,0.0010086814573679,0.0010086814573679
-2.31364153432321,0.21169479916331,2.41616127058097,-2.18752726325191,-0.155636417674657,2.02262475180498,-2.17396109776221,0.00100868139176772,0.00100868139176772
-2.31364715783772,0.211699268422699,2.41616668983125,-2.1875369884842,-0.155639414596578,2.0226380581915,-2.17395988500417,0.00100845458548731,0.00100845458548731
-2.31364423155947,0.211697464463886,2.41616923569184,-2.18752820837082,-0.155638167414518,2.02263048441736,-2.17396003956495,0.00100861854555685,0.00100861854555685
-2.31364153432321,0.21169479916331,2.41616127058097,-2.18752726325191,-0.155636417674657,2.02262475180498,-2.17396109776221,0.00100868118900359,0.00100868118900359
-2.31364423155947,0.211697464463886,2.41616923569184,-2.18752820837082,-0.155638167414517,2.02263048441736,-2.17396003956495,0.0010086184083929,0.0010086184083929
-2.31364153432321,0.211694799163312,2.41616127058097,-2.18752726325191,-0.155636417674656,2.02262475180498,-2.17396109776221,0.00100868105183959,0.00100868105183959
-2.31364715783772,0.211699268422699,2.41616668983125,-2.1875369884842,-0.155639414596579,2.0226380581915,-2.17395988500417,0.0010084542455592,0.0010084542455592
-2.31364423155947,0.211697464463886,2.41616923569183,-2.18752820837082,-0.155638167414517,2.02263048441736,-2.17396003956495,0.00100861820562869,0.00100861820562869
-2.31364153432321,0.211694799163312,2.41616127058097,-2.18752726325191,-0.155636417674656,2.02262475180498,-2.17396109776221,0.00100868084907551,0.00100868084907551
-2.31364715783772,0.211699268422699,2.41616668983125,-2.1875369884842,-0.155639414596578,2.0226380581915,-2.17395988500417,0.00100845404279511,0.00100845404279511
-2.31364423155947,0.211697464463886,2.41616923569184,-2.18752820837082,-0.155638167414517,2.02263048441736,-2.17396003956495,0.00100861800286471,0.00100861800286471
-2.31364423155947,0.211697464463886,2.41616923569184,-2.18752820837082,-0.155638167414517,2.02263048441736,-2.17396003956495,0.00100861793130087,0.00100861793130087
-2.31364423155947,0.211697464463886,2.41616923569184,-2.18752820837082,-0.155638167414517,2.02263048441736,-2.17396003956495,0.00100861793130087,0.00100861793130087
-2.31364715783772,0.211699268422699,2.41616668983125,-2.1875369884842,-0.155639414596577,2.0226380581915,-2.17395988500417,0.0010084538340674,0.0010084538340674
-2.31364423155947,0.211697464463886,2.41616923569184,-2.18752820837082,-0.155638167414518,2.02263048441736,-2.17396003956495,0.00100861779413692,0.00100861779413692
-2.31364715783772,0.211699268422699,2.41616668983125,-2.1875369884842,-0.155639414596578,2.0226380581915,-2.17395988500417,0.00100845369690349,0.00100845369690349
-2.31364423155947,0.211697464463886,2.41616923569184,-2.18752820837082,-0.155638167414518,2.02263048441736,-2.17396003956495,0.00100861765697307,0.00100861765697307
-2.31364715783772,0.211699268422699,2.41616668983125,-2.1875369884842,-0.155639414596578,2.0226380581915,-2.17395988500417,0.00100845355973967,0.00100845355973967
-2.31364423155947,0.211697464463886,2.41616923569183,-2.18752820837082,-0.155638167414518,2.02263048441736,-2.17396003956495,0.00100861751980919,0.00100861751980919
-2.31364153432321,0.211694799163312,2.41616127058097,-2.18752726325191,-0.155636417674657,2.02262475180498,-2.17396109776221,0.00100868016325596,0.00100868016325596
-2.31364715783772,0.211699268422699,2.41616668983125,-2.1875369884842,-0.155639414596578,2.0226380581915,-2.17395988500417,0.00100845335697565,0.00100845335697565
-2.31364423155947,0.211697464463886,2.41616923569183,-2.18752820837082,-0.155638167414518,2.02263048441736,-2.17396003956495,0.00100861731704518,0.00100861731704518
-2.31364715783772,0.211699268422699,2.41616668983125,-2.1875369884842,-0.155639414596578,2.0226380581915,-2.17395988500417,0.00100845321981178,0.00100845321981178
-2.31364715783772,0.211699268422699,2.41616668983125,-2.1875369884842,-0.155639414596578,2.0226380581915,-2.17395988500417,0.00100845315421172,0.00100845315421172
-2.31364423155947,0.211697464463886,2.41616923569184,-2.18752820837082,-0.155638167414518,2.02263048441736,-2.17396003956495,0.00100861711428131,0.00100861711428131
-2.31364715783772,0.211699268422699,2.41616668983125,-2.1875369884842,-0.155639414596578,2.0226380581915,-2.17395988500417,0.00100845301704792,0.00100845301704792
-2.31364423155947,0.211697464463886,2.41616923569183,-2.18752820837082,-0.155638167414518,2.02263048441736,-2.17396003956495,0.00100861697711745,0.00100861697711745
-2.31364153432321,0.211694799163312,2.41616127058097,-2.18752726325191,-0.155636417674657,2.02262475180498,-2.17396109776221,0.00100867962056426,0.00100867962056426
-2.31364715783772,0.211699268422699,2.41616668983125,-2.1875369884842,-0.155639414596577,2.0226380581915,-2.17395988500417,0.0010084528142841,0.0010084528142841
-2.31364423155947,0.211697464463886,2.41616923569184,-2.18752820837082,-0.155638167414518,2.02263048441736,-2.17396003956495,0.00100861677435368,0.00100861677435368
-2.31364715783772,0.211699268422699,2.41616668983125,-2.1875369884842,-0.155639414596579,2.0226380581915,-2.17395988500417,0.00100845267712033,0.00100845267712033
-2.31364423155947,0.211697464463886,2.41616923569184,-2.18752820837082,-0.155638167414517,2.02263048441736,-2.17396003956495,0.00100861663718989,0.00100861663718989
-2.31364153432321,0.21169479916331,2.41616127058097,-2.18752726325191,-0.155636417674656,2.02262475180498,-2.17396109776221,0.00100867928063676,0.00100867928063676
-2.31364423155947,0.211697464463886,2.41616923569184,-2.18752820837082,-0.155638167414517,2.02263048441736,-2.17396003956495,0.00100861650002622,0.00100861650002622
-2.31364153432321,0.211694799163312,2.41616127058097,-2.18752726325191,-0.155636417674657,2.02262475180498,-2.17396109776221,0.00100867914347301,0.00100867914347301
-2.31364423155947,0.211697464463886,2.41616923569184,-2.18752820837082,-0.155638167414517,2.02263048441736,-2.17396003956495,0.00100861636286247,0.00100861636286247
-2.31364153432321,0.21169479916331,2.41616127058097,-2.18752726325191,-0.155636417674656,2.02262475180498,-2.17396109776221,0.00100867900630934,0.00100867900630934
-2.31364715783772,0.211699268422699,2.41616668983125,-2.1875369884842,-0.155639414596577,2.02263805819149,-2.17395988500417,0.0010084522000291,0.0010084522000291
-2.31364153432321,0.211694799163312,2.41616127058097,-2.18752726325191,-0.155636417674657,2.02262475180498,-2.17396109776221,0.00100867886914563,0.00100867886914563
-2.31364715783772,0.211699268422699,2.41616668983125,-2.1875369884842,-0.155639414596577,2.0226380581915,-2.17395988500417,0.00100845206286541,0.00100845206286541
-2.31364423155947,0.211697464463886,2.41616923569184,-2.18752820837082,-0.155638167414518,2.02263048441736,-2.17396003956495,0.00100861602293506,0.00100861602293506
-2.31364153432321,0.211694799163312,2.41616127058097,-2.18752726325191,-0.155636417674656,2.02262475180498,-2.17396109776221,0.00100867866638202,0.00100867866638202
-2.31364715783772,0.211699268422699,2.41616668983125,-2.1875369884842,-0.155639414596578,2.0226380581915,-2.17395988500417,0.00100845186010176,0.00100845186010176
-2.31364423155947,0.211697464463886,2.41616923569184,-2.18752820837082,-0.155638167414518,2.02263048441736,-2.17396003956495,0.00100861582017145,0.00100861582017145
-2.31364153432321,0.211694799163312,2.41616127058097,-2.18752726325191,-0.155636417674656,2.02262475180498,-2.17396109776221,0.00100867846361836,0.00100867846361836
-2.31364715783772,0.211699268422699,2.41616668983125,-2.1875369884842,-0.155639414596579,2.0226380581915,-2.17395988500417,0.0010084516573382,0.0010084516573382
-2.31364423155947,0.211697464463886,2.41616923569184,-2.18752820837082,-0.155638167414518,2.02263048441736,-2.17396003956495,0.00100861561740787,0.00100861561740787
-2.31364153432321,0.21169479916331,2.41616127058097,-2.18752726325191,-0.155636417674657,2.02262475180498,-2.17396109776221,0.00100867826085476,0.00100867826085476
-2.31364715783772,0.211699268422699,2.41616668983125,-2.1875369884842,-0.155639414596578,2.0226380581915,-2.17395988500417,0.00100845145457459,0.00100845145457459
-2.31364423155947,0.211697464463886,2.41616923569184,-2.18752820837082,-0.155638167414518,2.02263048441736,-2.17396003956495,0.00100861541464431,0.00100861541464431
-2.31364715783772,0.211699268422699,2.41616668983125,-2.1875369884842,-0.155639414596578,2.0226380581915,-2.17395988500417,0.00100845131741098,0.00100845131741098
-2.31364715783772,0.211699268422699,2.41616668983125,-2.1875369884842,-0.155639414596578,2.0226380581915,-2.17395988500417,0.00100845131741098,0.00100845131741098
-2.31364153432321,0.211694799163312,2.41616127058097,-2.18752726325191,-0.155636417674657,2.02262475180498,-2.17396109776221,0.00100867798652758,0.00100867798652758
-2.31364153432321,0.21169479916331,2.41616127058097,-2.18752726325191,-0.155636417674657,2.02262475180498,-2.17396109776221,0.00100867792092766,0.00100867792092766
-2.31364715783772,0.211699268422699,2.41616668983125,-2.1875369884842,-0.15563941459658,2.0226380581915,-2.17395988500417,0.00100845111464743,0.00100845111464743
-2.31364423155947,0.211697464463886,2.41616923569184,-2.18752820837082,-0.155638167414518,2.02263048441736,-2.17396003956495,0.00100861507471714,0.00100861507471714
-2.31364153432321,0.21169479916331,2.41616127058097,-2.18752726325191,-0.155636417674657,2.02262475180498,-2.17396109776221,0.0010086777181641,0.0010086777181641
-2.31364715783772,0.211699268422699,2.41616668983125,-2.1875369884842,-0.155639414596579,2.0226380581915,-2.17395988500417,0.00100845091188396,0.00100845091188396
-2.31364423155947,0.211697464463886,2.41616923569184,-2.18752820837082,-0.155638167414518,2.02263048441736,-2.17396003956495,0.00100861487195368,0.00100861487195368
-2.31364715783772,0.211699268422699,2.41616668983125,-2.1875369884842,-0.155639414596578,2.0226380581915,-2.17395988500417,0.00100845077472042,0.00100845077472042
-2.31364153432321,0.21169479916331,2.41616127058097,-2.18752726325191,-0.155636417674657,2.02262475180498,-2.17396109776221,0.00100867744383713,0.00100867744383713
-2.31364715783772,0.211699268422699,2.41616668983125,-2.1875369884842,-0.155639414596578,2.02263805819149,-2.17395988500417,0.00100845063755694,0.00100845063755694
-2.31364423155947,0.211697464463886,2.41616923569183,-2.18752820837082,-0.155638167414517,2.02263048441736,-2.17396003956495,0.00100861459762668,0.00100861459762668
-2.31364153432321,0.211694799163312,2.41616127058097,-2.18752726325191,-0.155636417674656,2.02262475180498,-2.17396109776221,0.00100867724107367,0.00100867724107367
-2.31364715783772,0.211699268422699,2.41616668983125,-2.1875369884842,-0.155639414596579,2.0226380581915,-2.17395988500417,0.00100845043479352,0.00100845043479352
-2.31364153432321,0.211694799163312,2.41616127058097,-2.18752726325191,-0.155636417674657,2.02262475180498,-2.17396109776221,0.00100867710391028,0.00100867710391028
-2.31364423155947,0.211697464463886,2.41616923569184,-2.18752820837082,-0.155638167414517,2.02263048441736,-2.17396003956495,0.00100861432329983,0.00100861432329983
-2.31364153432321,0.211694799163312,2.41616127058097,-2.18752726325191,-0.155636417674657,2.02262475180498,-2.17396109776221,0.00100867696674678,0.00100867696674678
-2.31364715783772,0.211699268422699,2.41616668983125,-2.1875369884842,-0.155639414596579,2.0226380581915,-2.17395988500417,0.00100845016046674,0.00100845016046674
-2.31364423155947,0.211697464463886,2.41616923569184,-2.18752820837082,-0.155638167414517,2.02263048441736,-2.17396003956495,0.00100861412053651,0.00100861412053651
-2.31364153432321,0.211694799163312,2.41616127058097,-2.18752726325191,-0.155636417674656,2.02262475180498,-2.17396109776221,0.00100867676398357,0.00100867676398357
-2.31364715783772,0.211699268422699,2.41616668983125,-2.1875369884842,-0.155639414596579,2.0226380581915,-2.17395988500417,0.00100844995770348,0.00100844995770348
-2.31364423155947,0.211697464463886,2.41616923569183,-2.18752820837082,-0.155638167414517,2.02263048441736,-2.17396003956495,0.00100861391777322,0.00100861391777322
-2.31364153432321,0.211694799163312,2.41616127058097,-2.18752726325191,-0.155636417674657,2.02262475180498,-2.17396109776221,0.00100867656122028,0.00100867656122028
-2.31364715783772,0.211699268422699,2.41616668983125,-2.1875369884842,-0.155639414596578,2.0226380581915,-2.17395988500417,0.00100844975494021,0.00100844975494021
-2.31364423155947,0.211697464463886,2.41616923569184,-2.18752820837082,-0.155638167414518,2.02263048441736,-2.17396003956495,0.00100861371501006,0.00100861371501006
-2.31364153432321,0.211694799163312,2.41616127058097,-2.18752726325191,-0.155636417674657,2.02262475180498,-2.17396109776221,0.00100867635845706,0.00100867635845706
-2.31364715783772,0.211699268422699,2.41616668983125,-2.1875369884842,-0.155639414596578,2.0226380581915,-2.17395988500417,0.00100844955217707,0.00100844955217707
-2.31364423155947,0.211697464463886,2.41616923569184,-2.18752820837082,-0.155638167414518,2.02263048441736,-2.17396003956495,0.00100861351224686,0.00100861351224686
-2.31364153432321,0.211694799163312,2.41616127058097,-2.18752726325191,-0.155636417674657,2.02262475180498,-2.17396109776221,0.00100867615569399,0.00100867615569399
-2.31364153432321,0.21169479916331,2.41616127058097,-2.18752726325191,-0.155636417674657,2.02262475180498,-2.17396109776221,0.00100867608413045,0.00100867608413045
-2.31364715783772,0.211699268422699,2.41616668983125,-2.1875369884842,-0.155639414596578,2.0226380581915,-2.17395988500417,0.00100844927785045,0.00100844927785045
-2.31364423155947,0.211697464463886,2.41616923569184,-2.18752820837082,-0.155638167414518,2.02263048441736,-2.17396003956495,0.00100861323792032,0.00100861323792032
-2.31364153432321,0.211694799163312,2.41616127058097,-2.18752726325191,-0.155636417674657,2.02262475180498,-2.17396109776221,0.00100867588136739,0.00100867588136739
-2.31364423155947,0.211697464463886,2.41616923569184,-2.18752820837082,-0.155638167414518,2.02263048441736,-2.17396003956495,0.00100861310075704,0.00100861310075704
-2.31364153432321,0.21169479916331,2.41616127058097,-2.18752726325191,-0.155636417674657,2.02262475180498,-2.17396109776221,0.00100867574420418,0.00100867574420418
-2.31364715783772,0.211699268422699,2.41616668983125,-2.1875369884842,-0.155639414596578,2.0226380581915,-2.17395988500417,0.00100844893792414,0.00100844893792414
-2.31364153432321,0.21169479916331,2.41616127058097,-2.18752726325191,-0.155636417674656,2.02262475180498,-2.17396109776221,0.00100867560704096,0.00100867560704096
-2.31364715783772,0.211699268422699,2.41616668983125,-2.1875369884842,-0.155639414596578,2.0226380581915,-2.17395988500417,0.00100844880076089,0.00100844880076089
-2.31364423155947,0.211697464463886,2.41616923569184,-2.18752820837082,-0.155638167414518,2.02263048441736,-2.17396003956495,0.00100861276083081,0.00100861276083081
-2.31364423155947,0.211697464463886,2.41616923569184,-2.18752820837082,-0.155638167414518,2.02263048441736,-2.17396003956495,0.00100861276083081,0.00100861276083081
-2.31364715783772,0.211699268422699,2.41616668983125,-2.1875369884842,-0.155639414596578,2.0226380581915,-2.17395988500417,0.0010084486635977,0.0010084486635977
-2.31364715783772,0.211699268422699,2.41616668983125,-2.1875369884842,-0.155639414596579,2.0226380581915,-2.17395988500417,0.00100844859799793,0.00100844859799793
-2.31364153432321,0.211694799163312,2.41616127058097,-2.18752726325191,-0.155636417674657,2.02262475180498,-2.17396109776221,0.0010086752671147,0.0010086752671147
-2.31364423155947,0.211697464463886,2.41616923569183,-2.18752820837082,-0.155638167414517,2.02263048441736,-2.17396003956495,0.00100861248650441,0.00100861248650441
-2.31364153432321,0.211694799163312,2.41616127058097,-2.18752726325191,-0.155636417674657,2.02262475180498,-2.17396109776221,0.00100867512995155,0.00100867512995155
-2.31364715783772,0.211699268422699,2.41616668983125,-2.1875369884842,-0.155639414596577,2.0226380581915,-2.17395988500417,0.00100844832367157,0.00100844832367157
-2.31364423155947,0.211697464463886,2.41616923569184,-2.18752820837082,-0.155638167414518,2.02263048441736,-2.17396003956495,0.00100861228374143,0.00100861228374143
-2.31364715783772,0.211699268422699,2.41616668983125,-2.1875369884842,-0.155639414596578,2.0226380581915,-2.17395988500417,0.00100844818650839,0.00100844818650839
-2.31364423155947,0.211697464463886,2.41616923569184,-2.18752820837082,-0.155638167414517,2.02263048441736,-2.17396003956495,0.00100861214657835,0.00100861214657835
-2.31364153432321,0.21169479916331,2.41616127058097,-2.18752726325191,-0.155636417674656,2.02262475180498,-2.17396109776221,0.00100867479002551,0.00100867479002551
-2.31364715783772,0.211699268422699,2.41616668983125,-2.1875369884842,-0.155639414596579,2.0226380581915,-2.17395988500417,0.00100844798374555,0.00100844798374555
-2.31364423155947,0.211697464463886,2.41616923569184,-2.18752820837082,-0.155638167414518,2.02263048441736,-2.17396003956495,0.00100861194381552,0.00100861194381552
-2.31364715783772,0.211699268422699,2.41616668983125,-2.1875369884842,-0.155639414596578,2.0226380581915,-2.17395988500417,0.0010084478465825,0.0010084478465825
-2.31364423155947,0.211697464463886,2.41616923569184,-2.18752820837082,-0.155638167414517,2.02263048441736,-2.17396003956495,0.0010086118066524,0.0010086118066524
-2.31364153432321,0.211694799163312,2.41616127058097,-2.18752726325191,-0.155636417674657,2.02262475180498,-2.17396109776221,0.00100867445009956,0.00100867445009956
-2.31364715783772,0.211699268422699,2.41616668983125,-2.1875369884842,-0.155639414596578,2.0226380581915,-2.17395988500417,0.00100844764381967,0.00100844764381967
-2.31364423155947,0.211697464463886,2.41616923569184,-2.18752820837082,-0.155638167414518,2.02263048441736,-2.17396003956495,0.00100861160388961,0.00100861160388961
-2.31364153432321,0.211694799163312,2.41616127058097,-2.18752726325191,-0.155636417674656,2.02262475180498,-2.17396109776221,0.00100867424733685,0.00100867424733685
-2.31364715783772,0.211699268422699,2.41616668983125,-2.1875369884842,-0.155639414596578,2.0226380581915,-2.17395988500417,0.00100844744105685,0.00100844744105685
-2.31364423155947,0.211697464463886,2.41616923569184,-2.18752820837082,-0.155638167414517,2.02263048441736,-2.17396003956495,0.00100861140112689,0.00100861140112689
-2.31363921991898,0.211690368035121,2.41615808502286,-2.18752219881596,-0.155633342752889,2.02261517216002,-2.17396600451591,0.0010090071981879,0.0010090071981879
-2.31361252890428,0.21148829616764,2.41608115545869,-2.1872844437606,-0.155547333400399,2.02239807001704,-2.17408353972722,0.00101381306939168,0.00101381306939168
-2.31357308254754,0.210804133183585,2.41587743950547,-2.186546343965,-0.15535724445228,2.02201472305339,-2.17432409912191,0.00101487023273935,0.00101487023273935
-2.31356825226541,0.20996388646125,2.4156753504271,-2.18579557064928,-0.155213789026733,2.02183483707077,-2.17450920657023,0.0010099416690773,0.0010099416690773
-2.31356196174144,0.209565921837441,2.41563085990798,-2.18559108739632,-0.155200035992311,2.02186921735714,-2.1745327200962,0.00100711943625216,0.00100711943625216
-2.31352158997582,0.209527986389706,2.41565316400715,-2.18570417482781,-0.155204231127527,2.02182259416027,-2.17453390980722,0.00100990210762752,0.00100990210762752
-2.31330739614189,0.209449093546883,2.41555309588833,-2.18575786714662,-0.154313964916455,2.02224291474177,-2.17443165280079,0.000932985363045734,0.000932985363045734
-2.31261222027379,0.208196381882132,2.41559728265013,-2.18447644900539,-0.152200010149644,2.02244165914865,-2.17297030048498,0.000974872022430847,0.000974872022430847
-2.3110930607824,0.205001708921772,2.4159901789779,-2.18134882536069,-0.148901205156798,2.02244479069868,-2.17089566139369,0.000929273816935913,0.000929273816935913
-2.30853584668743,0.199760177066203,2.41681263374095,-2.17670031167295,-0.144403214024486,2.02267552093412,-2.16896178369224,0.000939855633254298,0.000939855633254298
-2.3049396849254,0.192283295856265,2.41791583835107,-2.17048542838447,-0.138406532037768,2.02291531108042,-2.16741355180924,0.000952801676073631,0.000952801676073631
-2.30049355663179,0.182416851385929,2.41908461973278,-2.16259668271398,-0.13098609396119,2.02310518388072,-2.16663841582054,0.00097367438751415,0.00097367438751415
-2.29537603732513,0.169908161422176,2.42009600744065,-2.15283671040279,-0.121968726426884,2.02318786337005,-2.16698006513857,0.000997366228328435,0.000997366228328435
-2.29006128743192,0.155088283047945,2.42060670807355,-2.14126500933655,-0.111453903528139,2.02298802790881,-2.16872291790538,0.0010175172301519,0.0010175172301519
-2.28495402876527,0.138132274962739,2.42044030192756,-2.12787161152549,-0.0995265538090759,2.02251878366525,-2.17205749080685,0.00103297113019973,0.00103297113019973
-2.28495402876527,0.138132274962739,2.42044030192756,-2.12787161152549,-0.0995265538090759,2.02251878366525,-2.17205749080685,0.00103297113019973,0.00103297113019973
-2.28049272039601,0.119728898273742,2.41946976578144,-2.11303260661012,-0.0865049618862024,2.02165661797385,-2.17702159179234,0.00104236614112154,0.00104236614112154
-2.27681873026345,0.0994749616833488,2.41769657712202,-2.09630811756955,-0.0720482423727962,2.02037717327309,-2.18384093052076,0.00104813502745591,0.00104813502745591
-2.27405306882694,0.0760315554902071,2.41496401440864,-2.07646778667532,-0.0551166788122659,2.01842252220634,-2.19327324506653,0.00105114718488105,0.00105114718488105
-2.27278105758192,0.0520159098552959,2.41170305527158,-2.05569626518592,-0.0376133833218075,2.01594941342647,-2.20439220841109,0.00105501844467654,0.00105501844467654
-2.27308156287879,0.0262882937405262,2.40794227238294,-2.03308190615794,-0.0186899111569749,2.01274458864792,-2.21778030593161,0.00105754291491898,0.00105754291491898
-2.27531180881051,-0.00172644209885142,2.40380002555704,-2.00813357000395,0.00185025446092979,2.00882260487296,-2.23368264605187,0.00106845237084236,0.00106845237084236
-2.27915402487327,-0.0281075322515889,2.3999842558557,-1.9846782592075,0.0207689057098532,2.00491702657036,-2.24950536841708,0.00107659670052018,0.00107659670052018
-2.28478954977845,-0.0546028798898934,2.39623806691759,-1.96145331664645,0.0395736279939518,2.00036975784571,-2.26649875208571,0.0010666934288819,0.0010666934288819
-2.29132117419945,-0.0773707762313371,2.39298308564357,-1.9413067470415,0.0560548689993761,1.99560864136158,-2.28243981602904,0.0010653984107813,0.0010653984107813
-2.29881213352269,-0.0979671149867372,2.38992223021683,-1.92269241284971,0.0711480714236963,1.99084560715349,-2.29800156469372,0.00105671713214424,0.00105671713214424
-2.30723637116284,-0.116848694043505,2.38689125764036,-1.90515177266394,0.0851461064316323,1.9861241432803,-2.31343075492247,0.00104682019787741,0.00104682019787741
-2.31579476392371,-0.132882564387938,2.38403113911687,-1.88986673059687,0.0971761207199693,1.98193720870488,-2.32766014909319,0.00103698684691397,0.00103698684691397
-2.32443891799446,-0.146616117795148,2.38125813228451,-1.87645580261997,0.107611349483866,1.97812744329991,-2.34102027586492,0.00102740410976914,0.00102740410976914
-2.33291613798992,-0.158117368411482,2.37856892830258,-1.86502186112273,0.116501025999236,1.97477706153236,-2.35347973733962,0.0010178432936375,0.0010178432936375
-2.34082062384723,-0.167348138167821,2.37588993193298,-1.8557819714688,0.123662157610214,1.97213210039896,-2.36453556643994,0.00100486698818185,0.00100486698818185
-2.34807018563946,-0.174406183446184,2.37340852243561,-1.84863593119126,0.129402603980016,1.96977544328314,-2.37465553316006,0.000995800671760772,0.000995800671760772
-2.3552114135254,-0.180495178280635,2.37110011781517,-1.8422051050896,0.134717103993841,1.96755261518037,-2.38553576479753,0.00101953549909808,0.00101953549909808
-2.36153073376875,-0.185030681195483,2.36850835705147,-1.83768989296032,0.13826468698803,1.96651640295148,-2.39422744577391,0.000992552905753835,0.000992552905753835
-2.36665697184523,-0.187241227005405,2.36598409654128,-1.83578517672132,0.140143599881539,1.96580432445837,-2.40060185996207,0.00096917747634131,0.00096917747634131
-2.37128390515942,-0.188309359440604,2.36389603187232,-1.83478029086725,0.141696604662867,1.9651096710494,-2.40863587417084,0.00101576724585367,0.00101576724585367
-2.37566780949825,-0.188544291685873,2.36166593903591,-1.83481289706901,0.142309548618712,1.96527837956966,-2.41738459208725,0.00104236888379163,0.00104236888379163
-2.37946884789819,-0.186807450389576,2.35890498019611,-1.83744233743538,0.141126748346908,1.9662922759199,-2.42503857079256,0.00103844639799712,0.00103844639799712
-2.38282099351778,-0.183265255203196,2.35570123815146,-1.84195226668326,0.138788160286742,1.96732706321019,-2.43095211545675,0.00101283954667976,0.00101283954667976
-2.38561752231333,-0.178310780786931,2.35224898773534,-1.84760221761523,0.135458728199277,1.9688708909938,-2.43563041652966,0.00101029683358194,0.00101029683358194
-2.38758504306515,-0.171216315040854,2.34861577475913,-1.85536873499901,0.130367438805285,1.97139891546012,-2.44018457003124,0.00101743060930584,0.00101743060930584
-2.38905858844423,-0.162284298381757,2.34486099362083,-1.86464312887625,0.12424941760033,1.97382664854987,-2.44375205912541,0.000999730636398618,0.000999730636398618
-2.39016217026196,-0.152473576380643,2.34101862613012,-1.87425300230069,0.11752283848427,1.97655911078221,-2.44622184067676,0.000998961256918946,0.000998961256918946
-2.39048241669863,-0.14086531325863,2.33715584461611,-1.88560605300572,0.108923317400546,1.98025678574548,-2.44806011838907,0.00100525765757598,0.00100525765757598
-2.39029962309948,-0.127312226439094,2.33337575566141,-1.89871570393135,0.0989796940463226,1.98384709029632,-2.44911128514412,0.000999781187907892,0.000999781187907892
-2.39001325236594,-0.112959608510027,2.32964051656057,-1.91212807537169,0.0884572100593406,1.9873912038102,-2.44927716100024,0.00100395300278795,0.00100395300278795
-2.38938654249216,-0.0971314662829146,2.32600995412844,-1.92682411559377,0.076126417318477,1.9916018111649,-2.44857198164763,0.00101076284090596,0.00101076284090596
-2.38861498982797,-0.0794204272845818,2.32258266305605,-1.94307812926506,0.0623240080233316,1.99560594576766,-2.44706794740342,0.00100748760620028,0.00100748760620028
-2.38815433968225,-0.0609093352073922,2.31932223296788,-1.95947562333817,0.0479346470884483,1.99934361089518,-2.44483566331859,0.00101448265078454,0.00101448265078454
-2.38790049335955,-0.0409538008143802,2.31635405424803,-1.97686868123137,0.0317464241480305,2.00344831804562,-2.44174216809875,0.00101666291229902,0.00101666291229902
-2.38802966780088,-0.0189815502143222,2.31380962090167,-1.99568119359145,0.0137194497304094,2.007373924055,-2.43783198061264,0.00102831087992764,0.00102831087992764
-2.38890951127143,0.00488814501331181,2.31168917947512,-2.01563000077884,-0.00558343734253874,2.01067973547223,-2.43340246692709,0.00101147322352054,0.00101147322352054
-2.3910813965778,0.0280465992722965,2.30972394404686,-2.0338273142894,-0.0235855399080265,2.01302720583477,-2.42911857617277,0.00101413823367344,0.00101413823367344
-2.39429257964358,0.0493259143096969,2.30783083437223,-2.04964548827314,-0.0400199359858959,2.01494334879118,-2.42521547166184,0.000994014977705117,0.000994014977705117
-2.39807035961676,0.0684125501297537,2.3061045334184,-2.06336350393615,-0.0547940513362359,2.01651782441744,-2.42182668967856,0.000970025025888123,0.000970025025888123
-2.39807035961676,0.0684125501297537,2.3061045334184,-2.06336350393615,-0.0547940513362359,2.01651782441744,-2.42182668967856,0.000970025025888123,0.000970025025888123
-2.4020710696359,0.0850678997592773,2.30477376871185,-2.07511867842589,-0.0680275999438482,2.01790827560142,-2.41888462455563,0.00097804794800748,0.00097804794800748
-2.4060907851157,0.102007729761034,2.30452581846656,-2.0879574700179,-0.0829908510513544,2.01956605842801,-2.41589638091373,0.000984466633879882,0.000984466633879882
-2.41024547456164,0.11939621001522,2.3046136048269,-2.10135326803465,-0.0971439507185039,2.01990006376615,-2.41368045078691,0.00100267750204502,0.00100267750204502
-2.41454345127164,0.134283353270784,2.30455016082736,-2.1124477892225,-0.109258859586028,2.01999535807223,-2.41226375730423,0.00100712593406285,0.00100712593406285
-2.41900766640567,0.147584570192644,2.30432326212482,-2.12219425224781,-0.120266582464781,2.02001927539978,-2.41154622343359,0.00100428759094178,0.00100428759094178
-2.42355291554319,0.159350799403112,2.30372044875858,-2.13052186979413,-0.129821195699577,2.01986721793101,-2.41153632021014,0.00100183028229011,0.00100183028229011
-2.42757545073836,0.168420439809479,2.30276122425407,-2.13667861844908,-0.137061823590644,2.0196544570982,-2.41200813238437,0.000983461273395961,0.000983461273395961
-2.4313370800352,0.175696643341928,2.30164775555166,-2.14141266938603,-0.143137392633955,2.01961079335164,-2.41288424061663,0.00099420090933619,0.00099420090933619
-2.43487253707651,0.182548176628063,2.30085297942385,-2.14626145239713,-0.149553144893748,2.01967357390775,-2.41445681384301,0.00100192210829482,0.00100192210829482
-2.43825467466119,0.18903694267715,2.2997703461277,-2.1509026958028,-0.155291949219714,2.01933429646844,-2.41683508678107,0.00101829707095337,0.00101829707095337
-2.44123800508442,0.193775968547647,2.29811253277217,-2.15397923717439,-0.159067897416923,2.0188468640651,-2.41920810374625,0.000995013611061964,0.000995013611061964
-2.44399335961428,0.197113541517053,2.29624463204618,-2.15595943858767,-0.162283803849881,2.01874387411813,-2.42212711229513,0.00100702320291397,0.00100702320291397
-2.44625594563291,0.199203772613096,2.29425779632797,-2.15692549836058,-0.163883663790685,2.01850187411022,-2.42401717370365,0.000965982514661638,0.000965982514661638
-2.4481860311919,0.200850078248904,2.2931046956927,-2.15780454645133,-0.165632970505422,2.0186108605858,-2.42442628940619,0.000923047460764736,0.000923047460764736
-2.44948449834995,0.203465878463953,2.29414864803525,-2.15987469754757,-0.167849498952661,2.01878544026836,-2.42053191860021,0.000890456737896411,0.000890456737896411
-2.44984352416666,0.207936678033598,2.29781003120683,-2.16376289103621,-0.171196136396903,2.01884306907093,-2.41390072775417,0.000902992254932584,0.000902992254932584
-2.44943281138251,0.214394568655464,2.30390071322958,-2.16951436677194,-0.175890504366023,2.01874904212163,-2.40514555886002,0.000934521928144135,0.000934521928144135
-2.4486738809071,0.222757952521849,2.31194812398216,-2.17702706340068,-0.181869848930223,2.01853080021082,-2.39468918100107,0.000971320902415351,0.000971320902415351
-2.44804434089347,0.232981627766165,2.32144040615681,-2.18621259202173,-0.18907471260043,2.01815226646791,-2.38269864198995,0.00100062550249682,0.00100062550249682
-2.44798230281817,0.245123943779775,2.33200164680838,-2.19703175248863,-0.197400040493974,2.01755750836783,-2.36928986635528,0.00101844776072376,0.00101844776072376
-2.4487713783927,0.259298931364681,2.3434319736743,-2.2095106806074,-0.206776410241932,2.016700601345,-2.35448247419239,0.00102566036205275,0.00102566036205275
-2.45065392093753,0.276124746093078,2.35607211021748,-2.22410732256307,-0.217402164815429,2.01549557214135,-2.33781430286899,0.00102217475408762,0.00102217475408762
-2.45352387452987,0.294642918471659,2.36921583918945,-2.23997708947432,-0.228469359996756,2.0139289892347,-2.32033754030978,0.00101317102605991,0.00101317102605991
-2.45737409810833,0.315221609941327,2.38335615607648,-2.25748742876543,-0.240080169325836,2.01196906140557,-2.30163801330321,0.00100018678339056,0.00100018678339056
-2.46224567710971,0.33851343954428,2.39916562335109,-2.27729376559937,-0.25239843294017,2.00943361760558,-2.28107037894773,0.000986629148647879,0.000986629148647879
-2.46766025609155,0.363111205411546,2.41587721248737,-2.29831767036211,-0.264396957431083,2.00639697906595,-2.25994147072809,0.000978261643138687,0.000978261643138687
-2.47297870064404,0.3886420025089,2.43320118138885,-2.32010514822593,-0.275397097281965,2.00264340199875,-2.23913711944956,0.000995183160035489,0.000995183160035489
-2.47758275040656,0.412386976588542,2.44967624096419,-2.34012249555322,-0.284415915855645,1.99890483788176,-2.22020409992188,0.0010174919112007,0.0010174919112007
-2.48167715950515,0.433710652549151,2.46517321152719,-2.35829299504177,-0.291855554004277,1.99547209977537,-2.20270766480303,0.00102005047392096,0.00102005047392096
-2.48516421912935,0.452593368568838,2.47951372183085,-2.37475874411051,-0.297795096333116,1.99226778093536,-2.18666151521054,0.00102259913983493,0.00102259913983493
-2.48802768121282,0.46916341345389,2.49270450955524,-2.38965248272638,-0.302419220495631,1.98927829103109,-2.17191209865323,0.00102188391385719,0.00102188391385719
-2.49019323265242,0.483902124124677,2.50496161185297,-2.40323476678697,-0.305914099770561,1.98642336069166,-2.15834532588186,0.00103069647233834,0.00103069647233834
-2.49173313123325,0.496133147687905,2.51589182149221,-2.41482718800775,-0.308310995361053,1.98403881903812,-2.14611372801236,0.00102332309817885,0.00102332309817885
-2.49298684790147,0.506589227441878,2.52583040985986,-2.4251171065675,-0.309958151863531,1.98199841782165,-2.13447739468926,0.000998164021985553,0.000998164021985553
-2.49340108379672,0.515975106801892,2.5350389795383,-2.43438342626638,-0.310847146956375,1.979977556526,-2.12431211309335,0.00103425575979185,0.00103425575979185
-2.4929910692419,0.523010253874792,2.54272005104649,-2.44127272324787,-0.311104332920568,1.97852420841924,-2.11633901164158,0.00105497766462826,0.00105497766462826
-2.49309842979631,0.528912183088068,2.55026530220538,-2.44756907656057,-0.310917324283738,1.97767718214688,-2.10653523577047,0.000959914581633932,0.000959914581633932
-2.49300097631136,0.536284475113986,2.55947793987765,-2.4556343017869,-0.310022120890348,1.97635557003781,-2.09413411507004,0.000933617514694648,0.000933617514694648
-2.49118545316071,0.54296733279567,2.56906231955087,-2.46277435983995,-0.308095358341794,1.97512951852478,-2.08248830969,0.000965484851983493,0.000965484851983493
-2.4879693995292,0.547052451945402,2.57785716096994,-2.4675690584813,-0.305865814511207,1.97469415300535,-2.07344967266163,0.00106758870295886,0.00106758870295886
-2.4845986437259,0.548222472796976,2.5845009134182,-2.46990289430295,-0.303880709228315,1.97497154681823,-2.06711734607384,0.00106257831614817,0.00106257831614817
-2.4815760676925,0.547871118982465,2.5909352526416,-2.47156147226648,-0.299842247118141,1.97582977068971,-2.05618350113024,0.000854210835483853,0.000854210835483853
-2.47654215631104,0.545973194901853,2.59821912653931,-2.4721557825805,-0.294705885289863,1.97704363585451,-2.04577185636793,0.00102545513540319,0.00102545513540319
-2.47654215631104,0.545973194901853,2.59821912653931,-2.4721557825805,-0.294705885289863,1.97704363585451,-2.04577185636793,0.00102545513540319,0.00102545513540319
-2.47047481775309,0.541477246621474,2.60450836827989,-2.47067893993393,-0.29005906664807,1.97890724930161,-2.03859730487131,0.0010366575227284,0.0010366575227284
-2.46451476204431,0.535259448775083,2.60955201092864,-2.46802648120973,-0.285491902072742,1.98105222410975,-2.0326361316492,0.0010635137259592,0.0010635137259592
-2.4584391805733,0.527243467346658,2.6132526845314,-2.46390314396042,-0.280147055784223,1.98341097228293,-2.02697430126823,0.00101422208751114,0.00101422208751114
-2.45248406389232,0.517807022500136,2.61576915927763,-2.45816921232708,-0.274593804227618,1.98618593463268,-2.02229676033529,0.00104542657664566,0.00104542657664566
-2.44685931858894,0.50789213685834,2.61788367042519,-2.45230876371749,-0.269936632305959,1.98901169981117,-2.01919183804605,0.00107340834915064,0.00107340834915064
-2.4419391298113,0.498862116621854,2.61876964851398,-2.44668953368835,-0.265361854406576,1.99112937464569,-2.01699189001597,0.00101723160028856,0.00101723160028856
-2.43655902251682,0.487786309644536,2.61857177491375,-2.43865858235453,-0.259543651059341,1.99376970266002,-2.01504831740048,0.00099532624190888,0.00099532624190888
-2.43067377052235,0.474449403957651,2.61762510439945,-2.42831718436723,-0.25307013044423,1.99697786763975,-2.01406043047085,0.000992684501837307,0.000992684501837307
-2.42422854157644,0.45888699270111,2.61598454270157,-2.41601649271856,-0.245937407294075,2.00058999476522,-2.01425943919051,0.00100030979302286,0.00100030979302286
-2.4173261419908,0.441160903803549,2.61352010685547,-2.40197289528802,-0.238194759719761,2.0043516924188,-2.01593706727313,0.00101065854646466,0.00101065854646466
-2.40992884122367,0.420663886021289,2.60989349895137,-2.38564562650806,-0.229483134054748,2.00820492712655,-2.01954482824087,0.00102663383987053,0.00102663383987053
-2.40269722631007,0.398608128539907,2.60506429878444,-2.36787902370684,-0.220285161270421,2.0118456716871,-2.02519412809692,0.00104434892494625,0.00104434892494625
-2.39587516372816,0.375300099174945,2.59891570601481,-2.34878203367847,-0.210587605363866,2.01516860381715,-2.03308219979898,0.00105969851919811,0.00105969851919811
-2.38987426987545,0.350515098766248,2.59158168817,-2.32840192999416,-0.200733866262315,2.01859321167708,-2.04285845545719,0.00108973125887276,0.00108973125887276
-2.38525739107068,0.327561302176184,2.5837997375609,-2.30977294101095,-0.191657763921872,2.02119030351554,-2.05364176762509,0.00108523917827775,0.00108523917827775
-2.38196185048032,0.306965179952153,2.57563139817166,-2.29283924899644,-0.183234856842096,2.02292594364492,-2.06512107231959,0.00107940155610868,0.00107940155610868
-2.3799479734911,0.288847649397326,2.56727224012357,-2.27747311339676,-0.175544719991112,2.02409704783658,-2.07687517671653,0.00106500994096987,0.00106500994096987
-2.37906338772727,0.273260290889834,2.55898107977357,-2.2636904011127,-0.168667084430024,2.02491334212356,-2.08851779283397,0.00104691656712043,0.00104691656712043
-2.37908878262886,0.259869694737764,2.55080823736205,-2.25130784999548,-0.162540205172816,2.02547609230709,-2.09988835755094,0.0010262483413803,0.0010262483413803
-2.37947209024786,0.247878379518575,2.54249552497197,-2.23944808928964,-0.156460602929868,2.02557764010471,-2.1122904014878,0.00102928088502164,0.00102928088502164
-2.380442810049,0.23676310768883,2.53437412643999,-2.22813662475765,-0.150986446728528,2.02595047374447,-2.12450319228161,0.00102396413607616,0.00102396413607616
-2.38201782456888,0.227013939674842,2.52665879457923,-2.21831708509649,-0.146401023532028,2.02637980781983,-2.13591776594507,0.00101078138243277,0.00101078138243277
-2.38389053977454,0.219215435659267,2.51962686175995,-2.21060166108903,-0.142732008148019,2.02646850124257,-2.14632275878937,0.00100101834333056,0.00100101834333056
-2.38585259045172,0.212602120499611,2.51300027191805,-2.2039819764613,-0.139537910246489,2.02632529480424,-2.15658293195518,0.00100629460806672,0.00100629460806672
-2.38798046102554,0.207069745194392,2.50687363788535,-2.19842100367124,-0.137006120357753,2.02623161784298,-2.16618658141889,0.00100321891226005,0.00100321891226005
-2.39030278651031,0.202460843129526,2.50102082164996,-2.19370277556443,-0.135048700150033,2.02610045629647,-2.17543135568136,0.0010020272059971,0.0010020272059971
-2.3927142664494,0.200115372666106,2.49678928207528,-2.19136267114757,-0.134294305106011,2.02618713661637,-2.18021610895113,0.000935422316781874,0.000935422316781874
-2.39433742114419,0.198539357513038,2.49294595473129,-2.18929836831689,-0.133436409828163,2.02561561551509,-2.18731321530182,0.00102518267175864,0.00102518267175864
-2.39616461389013,0.197542571133171,2.48999173925601,-2.18787520587669,-0.133246581360288,2.02571335196745,-2.19092486091408,0.000939578460976293,0.000939578460976293
-2.39740916092459,0.197906237159865,2.48860724034774,-2.18781390905565,-0.133308088834174,2.025642893392,-2.19122908728905,0.00091995998569128,0.00091995998569128
-2.39761620340826,0.198617474273544,2.48841722476531,-2.18795837097491,-0.133291392832144,2.02544716271678,-2.19119912882456,0.000952914091879673,0.000952914091879673
-2.39713294747179,0.199007763097245,2.48897908760089,-2.18794206221329,-0.133244673709966,2.02543862861364,-2.19120190368837,0.000980103875431507,0.000980103875431507
-2.39629218343591,0.199037870706141,2.48988207139451,-2.18786779803689,-0.133194052168636,2.02549037095977,-2.19122542504884,0.00100573307225462,0.00100573307225462
-2.39543314399179,0.198825558131818,2.49080250925859,-2.18788463486013,-0.13316331092865,2.02555216307534,-2.19125561051149,0.00102255515026251,0.00102255515026251
-2.39476705446852,0.198511525651811,2.49148575107264,-2.18799005779104,-0.133146816426491,2.02555347337368,-2.19128865043487,0.00103002670938451,0.00103002670938451
-2.39436095147718,0.198215751299618,2.49190605864639,-2.18814819187642,-0.133148658987785,2.02553112815421,-2.19131339969384,0.00102993170264408,0.00102993170264408
-2.39419848304597,0.197999768623968,2.49205572342901,-2.18827477911086,-0.133157262846472,2.02546761538757,-2.19132946703212,0.00102542047256195,0.00102542047256195
-2.39423479624011,0.197902681059141,2.49199649552455,-2.18836015060022,-0.133165228319528,2.02541124467842,-2.19133897131857,0.00101868954988221,0.00101868954988221
-2.3943977159586,0.197923508428641,2.49183185846175,-2.18839306951812,-0.133175589518247,2.02539307145038,-2.19133844420651,0.00101189128260781,0.00101189128260781
-2.3943977159586,0.197923508428641,2.49183185846175,-2.18839306951812,-0.133175589518247,2.02539307145038,-2.19133844420651,0.00101189128260781,0.00101189128260781
-2.39478478023828,0.198140421492248,2.49142302966927,-2.18829370192183,-0.133180876862392,2.02538129016221,-2.1913279095973,0.00100405448938955,0.00100405448938955
-2.39478478023828,0.198140421492248,2.49142302966927,-2.18829370192183,-0.133180876862392,2.02538129016221,-2.1913279095973,0.00100405448938955,0.00100405448938955
-2.39493076335214,0.198267864291013,2.49128668707295,-2.18822542621046,-0.133182422100727,2.02540782093325,-2.19131927332629,0.00100307969853775,0.00100307969853775
-2.39501345011841,0.198360663505251,2.49120987817541,-2.1881797874223,-0.133179968637749,2.02543847088003,-2.19131472531541,0.00100353990720885,0.00100353990720885
-2.39502790242606,0.19839979476476,2.49118765656858,-2.18813889030711,-0.133176228080463,2.02544171896687,-2.1913124196402,0.00100526765142687,0.00100526765142687
-2.39500601629963,0.198401558135425,2.49121182194823,-2.18813229553676,-0.133174826648459,2.02544966403017,-2.19131148400046,0.00100694217647866,0.00100694217647866
-2.39496576535955,0.198379581443914,2.49126429042188,-2.18815309960617,-0.13317581884216,2.0254636901467,-2.19131127310315,0.00100826760123927,0.00100826760123927
-2.3949109138041,0.198336416646533,2.49131649920427,-2.18816473210411,-0.133176240754705,2.02545036212329,-2.19131203301289,0.00100951174533426,0.00100951174533426
-2.39486419933432,0.198293130427194,2.49135423129248,-2.18818748238357,-0.13317424198694,2.02543732114583,-2.19131564337362,0.00101007040985923,0.00101007040985923
-2.39483379690321,0.198262360150615,2.49139214893456,-2.18820713818697,-0.133176939182987,2.02543490936628,-2.19131576443164,0.00101012402879781,0.00101012402879781
-2.39481688570334,0.1982418626902,2.49139994850083,-2.18821833133051,-0.133175041059517,2.0254240027436,-2.19131870592328,0.00100988386059523,0.00100988386059523
-2.3948204535005,0.198241479535691,2.49140701036315,-2.18823187794532,-0.133177011324272,2.025434702612,-2.19131853596919,0.00100926690843291,0.00100926690843291
-2.3948252778537,0.19824418408832,2.49139931151136,-2.18822013919832,-0.133177646320592,2.02542613111915,-2.19131782780339,0.00100900194449138,0.00100900194449138
-2.39484207214425,0.198258061221161,2.49138529616633,-2.18822348755162,-0.133177089952135,2.0254358453285,-2.19131839533909,0.00100845067201659,0.00100845067201659
-2.39485230128086,0.198268087339756,2.4913725522426,-2.18820699727403,-0.133177552195623,2.02542995115122,-2.19131707875785,0.00100839612978681,0.00100839612978681
-2.39486700835298,0.198281561527803,2.49136077616192,-2.18821014737191,-0.133176923850469,2.02544058849228,-2.1913173877568,0.00100812138932572,0.00100812138932572
-2.39487059573251,0.198286073595965,2.49135465597061,-2.18819657368068,-0.13317739256165,2.02543418456868,-2.19131611602761,0.00100831771889569,0.00100831771889569
-2.3948716558492,0.198286945176468,2.49134530923881,-2.18819445884644,-0.133175089829453,2.02542987701231,-2.19131751133378,0.00100842635057133,0.00100842635057133
-2.39487598301416,0.198291241534792,2.49135210439943,-2.18820428781836,-0.133176806868257,2.02544372384552,-2.1913165504052,0.0010083503472396,0.0010083503472396
-2.39486794004991,0.198283953220923,2.49134902922923,-2.18819599769354,-0.133175089750033,2.0254298537592,-2.19131740489575,0.00100866435242039,0.00100866435242039
-2.39486916260269,0.198285098385059,2.49135884779762,-2.18820768532047,-0.133176835673392,2.02544280400268,-2.19131667120553,0.00100855491366866,0.00100855491366866
-2.39486221450111,0.198279252698527,2.49136303286832,-2.18820011865547,-0.133177392231469,2.02543389965693,-2.19131597481177,0.00100878178048159,0.00100878178048159
-2.39485784813413,0.19827458228421,2.49135896938161,-2.18820128399127,-0.133175139643068,2.02542796956315,-2.19131779336601,0.00100881373475116,0.00100881373475116
-2.39486137420845,0.198277804775826,2.49136650978957,-2.18821182793647,-0.133176873706898,2.02544115163935,-2.19131706123757,0.00100860412850934,0.00100860412850934
-2.39485596846974,0.198272798107425,2.49136081352904,-2.18820231445444,-0.133175147009545,2.0254274183917,-2.19131796396255,0.0010087697223464,0.0010087697223464
-2.39486149152393,0.198277883830126,2.49136638867839,-2.1882118030725,-0.133176871538244,2.02544100490025,-2.19131714236756,0.00100853987086117,0.00100853987086117
-2.39485909844806,0.198276265156882,2.49136608646893,-2.18820185483651,-0.133177405502292,2.02543292485402,-2.19131628652424,0.00100868777742515,0.00100868777742515
-2.39485850032157,0.198275102087646,2.49135831250812,-2.18820103499878,-0.133175136200792,2.02542776335443,-2.19131793026046,0.00100868563300721,0.00100868563300721
-2.39486446204344,0.198280589222451,2.49136345615343,-2.18821029264001,-0.133176860772553,2.02544150702371,-2.19131705020235,0.00100847971848804,0.00100847971848804
-2.39486173905454,0.198278662679575,2.49136347971247,-2.18820051358718,-0.133177397611303,2.02543342383488,-2.19131617395487,0.00100865662310062,0.00100865662310062
-2.39486035575224,0.198276777958405,2.49135648041549,-2.18820009627689,-0.133175132202743,2.02542815242012,-2.19131782766139,0.00100868080313628,0.00100868080313628
-2.39486202961966,0.198278918272286,2.49136319252601,-2.18820036904821,-0.133177398202162,2.02543352033747,-2.19131613606197,0.00100867167300501,0.00100867167300501
-2.39486183354522,0.198278739838352,2.49136338625845,-2.18820046769015,-0.133177399095238,2.0254334990375,-2.19131613522655,0.0010086806046316,0.0010086806046316
-2.39486488528743,0.198280963687912,2.4913630384027,-2.18821007859069,-0.13317686185185,2.0254416702134,-2.19131698247728,0.00100851061775713,0.00100851061775713
-2.39486123626877,0.198278204466169,2.49136397685113,-2.18820076449196,-0.133177400566258,2.02543340110346,-2.19131615351186,0.00100869268392197,0.00100869268392197
-2.39485932797962,0.198275852589387,2.49135749675372,-2.18820060817093,-0.133175135410074,2.02542800907904,-2.19131784385421,0.00100871265258563,0.00100871265258563
-2.39486422008219,0.198280372638533,2.4913636965453,-2.18821040644458,-0.133176862778656,2.02544154425798,-2.19131701388632,0.00100851595432211,0.00100851595432211
-2.39485914179189,0.198275689560412,2.49135768106457,-2.18820069884228,-0.133175135355219,2.02542796448406,-2.19131785870562,0.00100870962507741,0.00100870962507741
-2.39485914179189,0.198275689560412,2.49135768106457,-2.18820069884228,-0.133175135355219,2.02542796448406,-2.19131785870562,0.00100870962507741,0.00100870962507741
-2.39486420116959,0.198280357931945,2.49136371532963,-2.18821041502262,-0.133176862484588,2.02544152986662,-2.19131702165874,0.00100851093001858,0.00100851093001858
-2.39485924351497,0.198275781018763,2.49135758038047,-2.18820064864937,-0.133175135004135,2.02542797416026,-2.19131785982046,0.00100870428327649,0.00100870428327649
-2.39486436058298,0.198280499544405,2.49136355750605,-2.18821033703334,-0.133176862163849,2.0254415532261,-2.19131701815379,0.00100850649357437,0.00100850649357437
-2.39486108270704,0.198278070909184,2.4913641287708,-2.18820083980266,-0.133177400208241,2.02543334910989,-2.19131617493287,0.00100868305886947,0.00100868305886947
-2.39485946008834,0.198275972059302,2.4913573659125,-2.18820054321586,-0.133175134762026,2.02542801218419,-2.1913178509922,0.00100870119819504,0.00100870119819504
-2.39486451886529,0.198280638645273,2.49136340074871,-2.18821026014516,-0.133176862062036,2.02544158398613,-2.19131700979768,0.00100850556374372,0.00100850556374372
-2.39485949053149,0.198275998484961,2.49135733577466,-2.18820052845901,-0.133175134798361,2.02542802080741,-2.19131784768387,0.00100870214236502,0.00100870214236502
-2.39486450768414,0.19828062854049,2.49136341183774,-2.18821026553756,-0.133176862130475,2.02544158492197,-2.19131700845764,0.00100850685336727,0.00100850685336727
-2.39486113041941,0.198278112311984,2.4913640815419,-2.18820081658007,-0.13317740029058,2.02543336393583,-2.1913161689621,0.00100868495834634,0.00100868495834634
-2.39486446067886,0.19828058718677,2.49136345841289,-2.18821028825272,-0.133176862189596,2.02544157765926,-2.19131700981324,0.00100850771102714,0.00100850771102714
-2.39486108705874,0.198278074235707,2.49136412449827,-2.18820083754917,-0.1331774003313,2.02543335640638,-2.19131617072973,0.00100868535929418,0.00100868535929418
-2.39486442944499,0.19828055979288,2.49136348935185,-2.18821030338193,-0.133176862207519,2.02544157160272,-2.19131701147669,0.0010085076687083,0.0010085076687083
-2.39486107055898,0.198278059781281,2.49136414083478,-2.18820084557677,-0.133177400332678,2.02543335262157,-2.19131617196546,0.00100868499781024,0.00100868499781024
-2.39486107206109,0.198278061104415,2.49136413934119,-2.18820084488095,-0.133177400325711,2.02543335246872,-2.1913161721544,0.00100868471591978,0.00100868471591978
-2.39486443204722,0.198280562092605,2.49136348675738,-2.18821030221105,-0.133176862189301,2.02544157085184,-2.19131701209874,0.00100850685714451,0.00100850685714451
-2.39486443855999,0.198280567805287,2.49136348030214,-2.18821029907812,-0.13317686218206,2.02544157184362,-2.19131701191472,0.0010085066327117,0.0010085066327117
-2.39486109027039,0.198278077078556,2.49136412129347,-2.18820083612429,-0.133177400303625,2.02543335517683,-2.19131617167942,0.00100868403608411,0.00100868403608411
-2.39486444956425,0.198280577460642,2.4913634694001,-2.18821029375661,-0.133176862173342,2.02544157383195,-2.19131701141574,0.00100850635867227,0.00100850635867227
-2.39486109748673,0.198278083414698,2.49136411414754,-2.18820083261703,-0.133177400299415,2.02543335665006,-2.19131617125112,0.00100868387275577,0.00100868387275577
-2.39486445255059,0.198280580088997,2.49136346644613,-2.18821029228563,-0.133176862173394,2.02544157462195,-2.19131701113121,0.00100850627160008,0.00100850627160008
-2.39486109704043,0.198278083032103,2.49136411459424,-2.18820083280549,-0.133177400302258,2.02543335681955,-2.19131617112279,0.00100868381877512,0.00100868381877512
-2.39485941848007,0.198275935066538,2.49135740715403,-2.18820056336305,-0.133175134880005,2.02542800896055,-2.19131785018431,0.0010087021665747,0.0010087021665747
-2.39486109338691,0.198278079830275,2.49136411821567,-2.18820083456003,-0.133177400306502,2.02543335627515,-2.19131617121987,0.00100868373772833,0.00100868373772833
-2.3948594149784,0.198275931994173,2.49135741062373,-2.1882005650535,-0.133175134883193,2.02542800836486,-2.19131785032103,0.00100870205016773,0.00100870205016773
-2.39485941390673,0.198275931051742,2.49135741168473,-2.18820056557563,-0.133175134883916,2.02542800814459,-2.19131785038522,0.00100870196226262,0.00100870196226262
-2.39486444488892,0.198280573368982,2.49136347403939,-2.1882102959751,-0.133176862181412,2.02544157340455,-2.19131701137909,0.00100850591879954,0.00100850591879954
-2.39486109041121,0.198278077211824,2.49136412116129,-2.18820083601309,-0.133177400308327,2.02543335563827,-2.19131617141294,0.0010086833909116,0.0010086833909116
-2.3948594139644,0.198275931096584,2.49135741162524,-2.18820056556041,-0.133175134883197,2.02542800805477,-2.19131785044153,0.00100870167222133,0.00100870167222133
-2.39486444587788,0.198280574232787,2.49136347305799,-2.18821029550649,-0.133176862179915,2.02544157350277,-2.19131701138165,0.00100850562813657,0.00100850562813657
-2.39486109182383,0.198278078449618,2.49136411976099,-2.18820083533525,-0.133177400306618,2.02543335584375,-2.1913161713783,0.00100868310923675,0.00100868310923675
-2.3948594153649,0.198275932325815,2.49135741023752,-2.18820056488424,-0.13317513488184,2.02542800828969,-2.1913178503889,0.00100870140416163,0.00100870140416163
-2.3948644469722,0.198280575194756,2.49136347197413,-2.18821029497531,-0.133176862178979,2.0254415737077,-2.19131701132802,0.00100850537394746,0.00100850537394746
-2.39486109247685,0.198278079024918,2.49136411911466,-2.18820083501575,-0.133177400306181,2.02543335598471,-2.19131617133537,0.00100868286614097,0.00100868286614097
-2.39485941557853,0.198275932515425,2.49135741002661,-2.18820056477689,-0.133175134881829,2.02542800835708,-2.19131785036241,0.00100870116790803,0.00100870116790803
-2.39486444684115,0.198280575081365,2.49136347210454,-2.18821029503527,-0.133176862179296,2.02544157371068,-2.19131701131833,0.00100850514018559,0.00100850514018559
-2.39485941529715,0.198275932268795,2.49135741030558,-2.18820056491195,-0.133175134882149,2.02542800831633,-2.1913178503692,0.00100870100830868,0.00100870100830868
-2.39485941517175,0.198275932158599,2.49135741042979,-2.18820056497269,-0.133175134882266,2.02542800829403,-2.19131785037464,0.00100870092997865,0.00100870092997865
-2.39486444647396,0.198280574758752,2.4913634724683,-2.188210295213,-0.133176862179655,2.02544157364641,-2.19131701133366,0.00100850489828965,0.00100850489828965
-2.39486444647396,0.198280574758752,2.4913634724683,-2.188210295213,-0.133176862179655,2.02544157364641,-2.19131701133366,0.00100850489828965,0.00100850489828965
-2.39486109187688,0.198278078498633,2.49136411970926,-2.18820083530455,-0.13317740030688,2.02543335589174,-2.19131617135339,0.00100868238581334,0.00100868238581334
-2.39485941503694,0.198275932039605,2.49135741056314,-2.18820056503905,-0.133175134882343,2.02542800826229,-2.19131785038503,0.00100870068173036,0.00100870068173036
-2.39486444645452,0.198280574741124,2.49136347248737,-2.18821029522351,-0.133176862179613,2.02544157363483,-2.19131701133925,0.00100850464859792,0.00100850464859792
-2.39486109194014,0.198278078553785,2.49136411964646,-2.18820083527478,-0.133177400306764,2.02543335589635,-2.19131617135453,0.00100868213583061,0.00100868213583061
-2.39486444653581,0.198280574812444,2.49136347240681,-2.18821029518437,-0.13317686217952,2.02544157364738,-2.19131701133684,0.00100850448016513,0.00100850448016513
-2.39486444656724,0.198280574840087,2.49136347237568,-2.18821029516911,-0.13317686217949,2.02544157365321,-2.19131701133534,0.00100850440018355,0.00100850440018355
-2.39486109203337,0.198278078635765,2.49136411955411,-2.18820083522954,-0.133177400306673,2.02543335591335,-2.19131617135024,0.00100868188852618,0.00100868188852618
-2.39485941520318,0.19827593218556,2.49135741039841,-2.18820056495882,-0.133175134882171,2.0254280082894,-2.19131785037926,0.00100870018593765,0.00100870018593765
-2.39486109203782,0.198278078639781,2.49136411954974,-2.18820083522718,-0.133177400306684,2.02543335591577,-2.19131617134909,0.00100868172246137,0.00100868172246137
-2.39485941519089,0.198275932174838,2.49135741041062,-2.1882005649646,-0.133175134882191,2.02542800828855,-2.19131785037901,0.00100870001993675,0.00100870001993675
-2.39486109201659,0.198278078621177,2.49136411957079,-2.18820083523735,-0.13317740030671,2.02543335591284,-2.19131617134952,0.00100868155634825,0.00100868155634825
-2.39485941516835,0.19827593215505,2.49135741043295,-2.18820056497548,-0.133175134882214,2.02542800828487,-2.19131785037979,0.00100869985362089,0.00100869985362089
-2.39486444655232,0.198280574827177,2.49136347239052,-2.18821029517593,-0.133176862179528,2.02544157365362,-2.1913170113342,0.00100850382179621,0.00100850382179621
-2.39486109199424,0.198278078601513,2.49136411959292,-2.18820083524822,-0.133177400306732,2.02543335590855,-2.19131617135067,0.00100868131002563,0.00100868131002563
-2.39485941515589,0.198275932144064,2.49135741044528,-2.18820056498159,-0.133175134882223,2.02542800828208,-2.19131785038067,0.00100869960707077,0.00100869960707077
