0.00269033867982262,-0.0026652753419197,-0.0079645380098781,0.000945378999063142,0.00174977137932593,-0.00573262820739423,-0.00105817834077254,6.30756674947941e-05,6.30756674947941e-05
0.00269033867974314,-0.0026652753418573,-0.00796453800962294,0.000945378999076125,0.00174977137952758,-0.00573262820743884,-0.00105817834082275,6.30756675029219e-05,6.30756675029219e-05
-0.00562012747030094,0.00446933020772172,0.00541922053033199,-0.00972523451456555,-0.00299693954983202,0.0133063844729922,0.00121276462420297,-0.000163369828935189,-0.000163369828935189
0.00292917839138758,-0.00180396280802533,0.00254540959999637,0.0087798013310164,0.00124714740745756,-0.00757377242781134,-0.000154561450090247,0.00010028586441128,0.00010028586441128
-0.00562012747038338,0.00446933020778245,0.00541922053048665,-0.00972523451472094,-0.00299693954965269,0.0133063844729058,0.00121276462418977,-0.000163369828916689,-0.000163369828916689
0.00269033867993697,-0.00266527534183162,-0.00796453800994667,0.00094537899897523,0.00174977137946571,-0.00573262820730022,-0.00105817834084933,6.30756675032076e-05,6.30756675032076e-05
0.00269033867974838,-0.00266527534184656,-0.00796453800970098,0.000945378999061643,0.0017497713794571,-0.00573262820743773,-0.00105817834082847,6.30756675004224e-05,6.30756675004224e-05
-0.0056201274704307,0.00446933020774356,0.00541922053054706,-0.00972523451466625,-0.00299693954961446,0.0133063844729992,0.00121276462418115,-0.000163369828915692,-0.000163369828915692
0.00292917839133486,-0.00180396280802878,0.00254540960009124,0.00877980133109347,0.00124714740750378,-0.00757377242801143,-0.000154561450088094,0.000100285864409708,0.000100285864409708
0.00269033867981171,-0.00266527534183492,-0.00796453800976789,0.000945378998957446,0.00174977137950579,-0.00573262820734409,-0.00105817834087595,6.30756674916428e-05,6.30756674916428e-05
0.00292917839153216,-0.00180396280805505,0.00254540960007606,0.0087798013311309,0.00124714740743532,-0.00757377242793252,-0.000154561450063958,0.000100285864406773,0.000100285864406773
0.00269033867977546,-0.00266527534185516,-0.00796453800975002,0.00094537899910424,0.00174977137947676,-0.00573262820743889,-0.00105817834086674,6.30756675040107e-05,6.30756675040107e-05
-0.00562012747029722,0.00446933020774803,0.00541922053043284,-0.00972523451458111,-0.00299693954979047,0.0133063844728898,0.00121276462426244,-0.000163369828916598,-0.000163369828916598
0.00292917839136134,-0.00180396280804761,0.00254540959997791,0.00877980133104021,0.00124714740745984,-0.00757377242788417,-0.000154561450113724,0.0001002858644109,0.0001002858644109
0.00269033867983441,-0.00266527534186027,-0.00796453800983559,0.000945378999009259,0.00174977137945345,-0.00573262820740895,-0.00105817834082478,6.30756675052598e-05,6.30756675052598e-05
-0.00562012747035814,0.00446933020771984,0.00541922053042626,-0.00972523451456575,-0.00299693954975753,0.0133063844729826,0.00121276462423126,-0.000163369828921863,-0.000163369828921863
0.00292917839141893,-0.00180396280803326,0.00254540960001143,0.0087798013311464,0.00124714740742106,-0.00757377242803853,-0.00015456145008957,0.000100285864411335,0.000100285864411335
0.00292917839141091,-0.00180396280804662,0.00254540960001398,0.00877980133110837,0.00124714740739502,-0.00757377242803858,-0.000154561450076748,0.000100285864420404,0.000100285864420404
0.00292917839141091,-0.00180396280804662,0.00254540960001398,0.00877980133110837,0.00124714740739502,-0.00757377242803858,-0.000154561450076748,0.000100285864420404,0.000100285864420404
-0.00562012747041307,0.00446933020773026,0.00541922053060366,-0.00972523451466561,-0.00299693954972613,0.0133063844729181,0.00121276462425288,-0.000163369828911805,-0.000163369828911805
0.00292917839144006,-0.00180396280800253,0.00254540959998232,0.00877980133105007,0.00124714740742628,-0.00757377242794491,-0.000154561450082369,0.000100285864414648,0.000100285864414648
-0.00562012747039875,0.00446933020773728,0.00541922053047077,-0.00972523451468825,-0.00299693954965529,0.013306384473041,0.00121276462412917,-0.000163369828920396,-0.000163369828920396
0.00292917839138473,-0.00180396280806227,0.00254540960001142,0.00877980133105029,0.00124714740737141,-0.00757377242791395,-0.000154561450046667,0.000100285864408611,0.000100285864408611
-0.00562012747031862,0.00446933020769995,0.00541922053034924,-0.00972523451461737,-0.00299693954986085,0.013306384472952,0.00121276462425807,-0.000163369828928403,-0.000163369828928403
0.00292917839161659,-0.00180396280802363,0.00254540959984725,0.00877980133106468,0.00124714740742879,-0.00757377242794945,-0.000154561450098283,0.00010028586441142,0.00010028586441142
0.00269033867981761,-0.00266527534181095,-0.00796453800966291,0.000945378999037747,0.00174977137948815,-0.00573262820746227,-0.00105817834084658,6.30756675094507e-05,6.30756675094507e-05
-0.00562012747045668,0.00446933020772876,0.00541922053052523,-0.00972523451467051,-0.0029969395496633,0.0133063844729082,0.0012127646241916,-0.000163369828918,-0.000163369828918
0.00292917839133142,-0.00180396280804511,0.00254540960012598,0.00877980133107119,0.00124714740747228,-0.00757377242786986,-0.000154561450105523,0.000100285864414207,0.000100285864414207
-0.00562012747036354,0.00446933020771085,0.00541922053040096,-0.00972523451461919,-0.00299693954977044,0.0133063844730267,0.00121276462419905,-0.000163369828923003,-0.000163369828923003
-0.00562012747026158,0.00446933020774548,0.00541922053038782,-0.00972523451465051,-0.00299693954974085,0.0133063844730402,0.00121276462422925,-0.000163369828919669,-0.000163369828919669
0.00292917839138491,-0.00180396280808589,0.00254540959996293,0.00877980133107339,0.00124714740738406,-0.00757377242785092,-0.000154561450092182,0.000100285864415977,0.000100285864415977
-0.00562012747057375,0.00446933020769189,0.00541922053049416,-0.0097252345147387,-0.00299693954976447,0.0133063844731796,0.00121276462414361,-0.000163369828919755,-0.000163369828919755
0.0029291783913076,-0.00180396280807009,0.00254540960011919,0.00877980133105469,0.00124714740738472,-0.00757377242794724,-0.000154561450070966,0.000100285864415572,0.000100285864415572
0.00269033868000565,-0.00266527534178101,-0.00796453800991214,0.00094537899902288,0.0017497713795485,-0.00573262820737851,-0.00105817834092667,6.30756675005351e-05,6.30756675005351e-05
-0.00562012747026735,0.00446933020766869,0.00541922053026798,-0.00972523451468726,-0.00299693954988788,0.0133063844731482,0.00121276462424175,-0.000163369828915633,-0.000163369828915633
0.00292917839135887,-0.00180396280801173,0.00254540960006765,0.00877980133107838,0.0012471474073985,-0.00757377242800997,-0.000154561450044612,0.000100285864410222,0.000100285864410222
-0.00562012747029467,0.0044693302077217,0.00541922053033732,-0.00972523451468694,-0.00299693954980268,0.0133063844730932,0.00121276462425285,-0.00016336982891912,-0.00016336982891912
0.00292917839141772,-0.0018039628080476,0.00254540960012112,0.0087798013311817,0.00124714740744754,-0.00757377242812672,-0.000154561450051124,0.000100285864418356,0.000100285864418356
0.00269033867978295,-0.00266527534183735,-0.00796453800965361,0.000945378999069209,0.00174977137952235,-0.00573262820740544,-0.00105817834086972,6.30756675006047e-05,6.30756675006047e-05
0.00292917839142106,-0.00180396280804233,0.00254540960010653,0.0087798013312297,0.00124714740747243,-0.00757377242811971,-0.000154561450068473,0.000100285864414782,0.000100285864414782
0.00269033867984405,-0.00266527534183893,-0.00796453800983298,0.000945378999022646,0.00174977137944494,-0.00573262820727816,-0.00105817834084918,6.30756674986646e-05,6.30756674986646e-05
0.00292917839137494,-0.00180396280801919,0.00254540960007519,0.0087798013310404,0.00124714740752447,-0.00757377242797309,-0.000154561450070889,0.000100285864423698,0.000100285864423698
0.00269033867994351,-0.00266527534192263,-0.00796453801006299,0.00094537899910615,0.0017497713793391,-0.00573262820729547,-0.00105817834082999,6.3075667505973e-05,6.3075667505973e-05
-0.00562012747046654,0.0044693302077498,0.00541922053051203,-0.00972523451465319,-0.00299693954967129,0.0133063844730257,0.00121276462420873,-0.000163369828916472,-0.000163369828916472
0.00269033867985461,-0.0026652753418588,-0.00796453800987094,0.000945378999055933,0.00174977137940549,-0.00573262820731056,-0.00105817834084612,6.30756674987412e-05,6.30756674987412e-05
-0.00562012747038527,0.00446933020772976,0.0054192205305431,-0.00972523451466462,-0.00299693954970009,0.0133063844729711,0.00121276462422264,-0.00016336982891006,-0.00016336982891006
0.00292917839135493,-0.00180396280807587,0.00254540960006512,0.00877980133115489,0.00124714740741988,-0.00757377242802844,-0.000154561450088042,0.000100285864420404,0.000100285864420404
0.00269033867979053,-0.00266527534185274,-0.00796453800990293,0.000945378998942832,0.00174977137938095,-0.00573262820724288,-0.0010581783408018,6.30756675029488e-05,6.30756675029488e-05
-0.00562012747042199,0.00446933020770231,0.00541922053050652,-0.00972523451475001,-0.00299693954964411,0.0133063844730867,0.00121276462420892,-0.000163369828909449,-0.000163369828909449
0.00292917839139442,-0.00180396280802975,0.00254540960004696,0.00877980133109861,0.00124714740740352,-0.00757377242795809,-0.000154561450051226,0.000100285864412681,0.000100285864412681
0.00269033867990973,-0.0026652753418622,-0.0079645380099458,0.00094537899906743,0.00174977137936026,-0.00573262820741995,-0.00105817834078191,6.30756675025772e-05,6.30756675025772e-05
-0.00562012747058031,0.00446933020773291,0.0054192205307663,-0.00972523451465262,-0.00299693954966166,0.0133063844729938,0.0012127646241752,-0.000163369828927881,-0.000163369828927881
0.00292917839138031,-0.00180396280805251,0.00254540960002308,0.00877980133103386,0.00124714740739707,-0.00757377242786602,-0.000154561450074329,0.000100285864413843,0.000100285864413843
0.00269033867989483,-0.00266527534190861,-0.00796453801005736,0.00094537899899113,0.00174977137928771,-0.00573262820722883,-0.00105817834086205,6.30756674970294e-05,6.30756674970294e-05
-0.00562012747041903,0.00446933020775487,0.00541922053053839,-0.0097252345146825,-0.00299693954964517,0.0133063844729193,0.00121276462422938,-0.00016336982891323,-0.00016336982891323
0.00292917839139576,-0.0018039628080253,0.00254540960003117,0.0087798013310011,0.00124714740740468,-0.00757377242792944,-0.000154561450045413,0.000100285864418509,0.000100285864418509
-0.0056201274705505,0.00446933020776593,0.00541922053074846,-0.00972523451463073,-0.00299693954964849,0.0133063844730146,0.00121276462417719,-0.000163369828919066,-0.000163369828919066
-0.0056201274705505,0.00446933020776593,0.00541922053074846,-0.00972523451463073,-0.00299693954964849,0.0133063844730146,0.00121276462417719,-0.000163369828919066,-0.000163369828919066
0.00269033867992742,-0.00266527534189059,-0.00796453800992558,0.000945378999085272,0.00174977137938383,-0.00573262820735266,-0.00105817834084826,6.30756675000984e-05,6.30756675000984e-05
0.0026903386797681,-0.00266527534187159,-0.00796453800973164,0.000945378999081806,0.00174977137945512,-0.00573262820745809,-0.00105817834082334,6.30756675000675e-05,6.30756675000675e-05
-0.00562012747040958,0.00446933020779464,0.00541922053050335,-0.00972523451469906,-0.00299693954971216,0.0133063844730078,0.00121276462421537,-0.00016336982892229,-0.00016336982892229
0.00292917839141841,-0.00180396280806858,0.00254540960006513,0.00877980133111156,0.00124714740741472,-0.00757377242799396,-0.000154561450004579,0.000100285864420536,0.000100285864420536
0.00269033867983889,-0.00266527534184652,-0.00796453800985658,0.000945378999053342,0.0017497713794076,-0.00573262820727402,-0.00105817834086582,6.30756675018156e-05,6.30756675018156e-05
-0.00562012747032772,0.0044693302076824,0.0054192205303176,-0.00972523451452172,-0.00299693954987947,0.0133063844729726,0.00121276462429252,-0.000163369828917399,-0.000163369828917399
0.0029291783914224,-0.00180396280798422,0.00254540959997519,0.0087798013310316,0.00124714740740228,-0.00757377242789455,-0.0001545614500516,0.000100285864417221,0.000100285864417221
-0.00562012747053242,0.00446933020774784,0.00541922053077944,-0.00972523451465827,-0.00299693954964032,0.0133063844729737,0.00121276462423339,-0.000163369828911836,-0.000163369828911836
0.00269033867977743,-0.00266527534195109,-0.00796453800985472,0.000945378999124852,0.0017497713793376,-0.00573262820728119,-0.00105817834079585,6.30756675023923e-05,6.30756675023923e-05
-0.00562012747036385,0.00446933020774231,0.0054192205304964,-0.00972523451461885,-0.00299693954976014,0.013306384472921,0.00121276462424553,-0.0001633698289149,-0.0001633698289149
0.00292917839145503,-0.00180396280803744,0.00254540959996968,0.00877980133094449,0.00124714740744145,-0.0075737724277951,-0.000154561450073515,0.00010028586442472,0.00010028586442472
0.00269033867975967,-0.00266527534189624,-0.00796453800968718,0.000945378999070937,0.00174977137941548,-0.00573262820731204,-0.00105817834081908,6.30756675137438e-05,6.30756675137438e-05
-0.00562012747036173,0.00446933020775224,0.00541922053044906,-0.00972523451467033,-0.00299693954972265,0.0133063844730512,0.0012127646241897,-0.000163369828921042,-0.000163369828921042
0.00269033867983472,-0.002665275341961,-0.00796453800996933,0.000945378999097304,0.00174977137926042,-0.00573262820734259,-0.00105817834077711,6.30756674969234e-05,6.30756674969234e-05
0.00292917839142155,-0.0018039628080118,0.00254540960007622,0.00877980133107453,0.00124714740742149,-0.00757377242801326,-0.000154561450046563,0.000100285864424249,0.000100285864424249
0.0026903386798806,-0.00266527534191782,-0.00796453801004419,0.000945378999036803,0.00174977137919942,-0.00573262820728496,-0.00105817834077385,6.30756675085361e-05,6.30756675085361e-05
-0.00562012747047814,0.00446933020776413,0.00541922053058308,-0.00972523451467278,-0.00299693954967629,0.0133063844730013,0.00121276462413052,-0.000163369828919674,-0.000163369828919674
0.00292917839142897,-0.00180396280799098,0.00254540960001158,0.00877980133097011,0.00124714740740797,-0.00757377242794707,-0.000154561450014821,0.000100285864429162,0.000100285864429162
0.00269033867979795,-0.00266527534183064,-0.00796453800973657,0.000945378998995251,0.00174977137949658,-0.00573262820741265,-0.00105817834085045,6.30756675164618e-05,6.30756675164618e-05
-0.00562012747036141,0.00446933020775407,0.00541922053041994,-0.00972523451470967,-0.00299693954973186,0.0133063844730447,0.0012127646242087,-0.000163369828913703,-0.000163369828913703
0.00292917839143471,-0.00180396280803913,0.00254540959992401,0.00877980133104731,0.00124714740739543,-0.00757377242786739,-0.0001545614500375,0.000100285864421082,0.000100285864421082
0.00269033867983164,-0.0026652753418914,-0.00796453800982546,0.000945378999107725,0.0017497713793968,-0.00573262820740782,-0.00105817834082671,6.30756675097478e-05,6.30756675097478e-05
-0.00562012747044746,0.00446933020771698,0.00541922053057429,-0.00972523451456309,-0.00299693954971232,0.0133063844728494,0.00121276462421275,-0.000163369828909705,-0.000163369828909705
0.00292917839136451,-0.00180396280805315,0.00254540959995074,0.00877980133105496,0.00124714740734414,-0.00757377242782863,-0.000154561450030059,0.000100285864415236,0.000100285864415236
0.00269033867997294,-0.00266527534184743,-0.00796453801006578,0.000945378998983244,0.00174977137942214,-0.00573262820714851,-0.00105817834088574,6.30756675026324e-05,6.30756675026324e-05
-0.00562012747031472,0.00446933020774533,0.00541922053038755,-0.00972523451462045,-0.00299693954973841,0.0133063844729465,0.00121276462420599,-0.000163369828913842,-0.000163369828913842
0.00292917839142768,-0.00180396280804887,0.00254540959994068,0.00877980133106595,0.00124714740739733,-0.00757377242790743,-0.000154561450046213,0.000100285864414548,0.000100285864414548
0.00269033867993372,-0.002665275341901,-0.00796453801003578,0.000945378999113016,0.00174977137931006,-0.00573262820728629,-0.00105817834082906,6.30756675040211e-05,6.30756675040211e-05
0.00269033867977351,-0.00266527534182686,-0.00796453800969723,0.000945378998990271,0.00174977137947936,-0.0057326282073524,-0.00105817834086731,6.30756675072898e-05,6.30756675072898e-05
-0.00562012747032623,0.00446933020774242,0.0054192205303434,-0.00972523451461289,-0.00299693954976614,0.0133063844729582,0.00121276462422481,-0.000163369828913839,-0.000163369828913839
0.00292917839134744,-0.00180396280802552,0.00254540960004149,0.00877980133100558,0.00124714740740908,-0.00757377242788788,-0.000154561450046109,0.000100285864420086,0.000100285864420086
0.00269033867981053,-0.00266527534191348,-0.00796453800982487,0.000945378999126311,0.00174977137933807,-0.00573262820742111,-0.00105817834082023,6.30756675087893e-05,6.30756675087893e-05
0.00292917839139527,-0.00180396280802804,0.0025454095999557,0.00877980133104179,0.00124714740735669,-0.00757377242790329,-0.000154561450034165,0.000100285864424192,0.000100285864424192
0.00269033867982363,-0.0026652753418263,-0.00796453800975827,0.000945378998999022,0.00174977137944288,-0.00573262820728575,-0.0010581783408619,6.30756675048245e-05,6.30756675048245e-05
-0.00562012747055533,0.00446933020772378,0.0054192205306524,-0.00972523451469974,-0.00299693954969817,0.0133063844730256,0.00121276462414587,-0.000163369828913333,-0.000163369828913333
0.00269033867975703,-0.00266527534183088,-0.00796453800964511,0.000945378999054352,0.00174977137945416,-0.00573262820743344,-0.00105817834083553,6.30756675099416e-05,6.30756675099416e-05
-0.00562012747034478,0.00446933020774365,0.00541922053039545,-0.00972523451464592,-0.00299693954971455,0.0133063844729514,0.00121276462421,-0.000163369828915989,-0.000163369828915989
0.00292917839132455,-0.00180396280803033,0.00254540960017154,0.00877980133104545,0.00124714740744155,-0.00757377242799572,-0.000154561450049927,0.000100285864425907,0.000100285864425907
0.00292917839132455,-0.00180396280803033,0.00254540960017154,0.00877980133104545,0.00124714740744155,-0.00757377242799572,-0.000154561450049927,0.000100285864425907,0.000100285864425907
-0.00562012747050416,0.00446933020770433,0.00541922053056098,-0.00972523451474431,-0.00299693954977704,0.0133063844731154,0.00121276462423147,-0.000163369828912871,-0.000163369828912871
-0.00562012747025944,0.00446933020771051,0.00541922053033134,-0.00972523451466826,-0.00299693954977607,0.0133063844730401,0.00121276462422295,-0.000163369828913859,-0.000163369828913859
0.00269033867974729,-0.00266527534189875,-0.00796453800977994,0.000945378999124581,0.00174977137937826,-0.00573262820736377,-0.00105817834085207,6.307566750799e-05,6.307566750799e-05
0.0029291783914755,-0.00180396280803716,0.00254540959992889,0.00877980133107282,0.00124714740739714,-0.0075737724279756,-0.000154561450059934,0.000100285864430112,0.000100285864430112
0.00269033867998747,-0.00266527534182514,-0.00796453801009733,0.000945378998930573,0.00174977137938829,-0.0057326282071043,-0.00105817834089341,6.30756675009144e-05,6.30756675009144e-05
-0.00562012747044237,0.00446933020774874,0.00541922053047126,-0.00972523451476004,-0.00299693954979027,0.0133063844731698,0.00121276462416492,-0.000163369828912997,-0.000163369828912997
0.00292917839132113,-0.00180396280806756,0.00254540960016697,0.00877980133120275,0.00124714740746979,-0.00757377242804997,-0.000154561450078359,0.000100285864423159,0.000100285864423159
-0.00562012747055409,0.00446933020769414,0.00541922053067598,-0.00972523451468101,-0.00299693954968951,0.0133063844730464,0.00121276462416966,-0.000163369828910272,-0.000163369828910272
0.00292917839136739,-0.00180396280807306,0.00254540959998955,0.00877980133105835,0.00124714740740604,-0.00757377242792834,-0.000154561450050495,0.000100285864423349,0.000100285864423349
0.00269033867980323,-0.00266527534182418,-0.00796453800978372,0.000945378998947503,0.00174977137943609,-0.00573262820726935,-0.0010581783408868,6.30756675125756e-05,6.30756675125756e-05
-0.00562012747028729,0.00446933020773887,0.00541922053037638,-0.0097252345146501,-0.00299693954976622,0.0133063844729257,0.0012127646242594,-0.000163369828910547,-0.000163369828910547
0.00292917839133733,-0.00180396280806009,0.00254540959997368,0.00877980133102675,0.00124714740732241,-0.00757377242786997,-0.000154561450045384,0.000100285864413606,0.000100285864413606
-0.00562012747050652,0.00446933020774034,0.00541922053071809,-0.00972523451469105,-0.00299693954970698,0.0133063844729539,0.00121276462425833,-0.000163369828917802,-0.000163369828917802
0.00292917839134272,-0.00180396280800417,0.00254540960015356,0.00877980133099811,0.00124714740746131,-0.00757377242785106,-0.000154561450046052,0.000100285864436243,0.000100285864436243
0.00269033867997268,-0.00266527534183302,-0.00796453801006343,0.000945378998992036,0.00174977137932182,-0.00573262820724059,-0.00105817834082434,6.30756675131586e-05,6.30756675131586e-05
-0.0056201274705845,0.00446933020771301,0.00541922053074674,-0.00972523451468884,-0.00299693954974107,0.0133063844730346,0.00121276462419047,-0.000163369828912709,-0.000163369828912709
0.00292917839133442,-0.00180396280803821,0.00254540960013596,0.00877980133105426,0.0012471474074512,-0.00757377242796517,-0.000154561450055065,0.000100285864422157,0.000100285864422157
0.0026903386798968,-0.00266527534189602,-0.00796453800988356,0.000945378999127434,0.0017497713793557,-0.0057326282074271,-0.00105817834079948,6.30756675101213e-05,6.30756675101213e-05
-0.00562012747056085,0.0044693302077482,0.00541922053075399,-0.00972523451474681,-0.00299693954966547,0.0133063844730555,0.00121276462423622,-0.000163369828906107,-0.000163369828906107
0.00292917839139853,-0.0018039628080357,0.00254540959999664,0.00877980133107759,0.00124714740737962,-0.00757377242793624,-0.000154561450056992,0.000100285864428079,0.000100285864428079
0.00308910531460435,-0.00357090427470484,-0.00853045674420407,0.0020556276114952,0.0023613682234388,-0.00761956170137229,-0.00197123776289069,0.000112008942090846,0.000112008942090846
-0.00429837425869298,-0.00839788037984585,0.000870191833014978,0.00512667655222993,0.00155510107445907,0.00264776195289672,-0.00468521505449018,-0.00035798719291412,-0.00035798719291412
0.00362739206113677,-0.0268544032093265,-0.00428358087866891,0.0338893091398607,0.00689562384933366,-0.017188353946113,-0.00733088543969368,-0.000729387141558778,-0.000729387141558778
-0.00573207851148246,-0.0153535550525934,0.00167024123064772,0.00541498525530712,-0.000759153887444504,0.0123635089767019,-0.0016929215619472,-0.00102856914800006,-0.00102856914800006
0.00364210910422823,-0.00629529667296691,0.00283203037494211,0.00731501110716048,0.000778800110815844,-0.00706674354366202,8.88135528266448e-05,-0.000105093012443358,-0.000105093012443358
0.00394691746960405,-0.00190994207340229,-0.00687129549937097,-0.00267108489920793,0.00175207489955591,-0.0075542975793254,-0.00118175802094986,8.22163782052642e-05,8.22163782052642e-05
0.0198737421208983,-0.0142691051428278,-0.00667941813282,0.0161629413082031,0.0791056760323094,0.0297007706180531,0.0178158466496181,0.000675603524799938,0.000675603524799938
0.0232631588313279,-0.057405337359291,0.0122933366483778,0.0544578367431296,0.0673139478288434,0.00669801447672328,0.0546379126848428,-0.00131324267135214,-0.00131324267135214
0.0621940855504592,-0.126290071018051,0.0202340619180015,0.125353566411547,0.116711310687551,-0.00295216478348043,0.0599472762130179,0.00261717652893539,0.00261717652893539
0.0934298945726354,-0.187192876378549,0.0208555993153928,0.15939042700015,0.155686716971503,0.00017159530211492,0.0511194026969948,0.000858434008715284,0.000858434008715284
0.113628093557035,-0.250080796027928,0.03994211185939,0.197523091290374,0.194875020995277,0.019254264594033,0.0354153296613069,0.00107982954217374,0.00107982954217374
0.14263820361623,-0.325030325814273,0.0354344358069212,0.263533852083339,0.238146770134397,-0.0035778690568086,0.00698978692526147,0.000767490607997925,0.000767490607997925
0.145127493281731,-0.385529917324488,0.0294135820184293,0.293642701119803,0.276489173650194,0.0114559881942499,-0.0291248316469939,-6.61678458790671e-05,-6.61678458790671e-05
0.152145872686152,-0.456733076599881,-0.00121421254793999,0.356823527732588,0.322310273196918,-0.015107199953696,-0.0732930690481081,-0.000146630140725384,-0.000146630140725384
0.142997056000772,-0.513932719216151,-0.014100035369653,0.416702865448162,0.360822387519522,-0.0267887828505917,-0.118647774840578,-0.000445973987557913,-0.000445973987557913
0.142997056000772,-0.513932719216151,-0.014100035369653,0.416702865448162,0.360822387519522,-0.0267887828505917,-0.118647774840578,-0.000445973987557913,-0.000445973987557913
0.12317928543713,-0.57023771200287,-0.0475521252502842,0.463757799439605,0.405307787832047,-0.0365810264365766,-0.172529737863394,-0.000467489272809068,-0.000467489272809068
0.0912146200865739,-0.618272883027342,-0.0586104009707637,0.510587747217877,0.445225978371671,-0.0305552722467249,-0.227928457441841,-0.000545091467155923,-0.000545091467155923
0.0555977964436662,-0.676160770382435,-0.0820278661403387,0.573056858877136,0.493752407686216,-0.0492383742922452,-0.294655955173437,-0.000291588786317021,-0.000291588786317021
0.0202651186974758,-0.732444664098244,-0.10403479250308,0.646091563724776,0.533117256413713,-0.0904327732643978,-0.356274971818918,-6.67222456628563e-05,-6.67222456628563e-05
-0.0335388699320393,-0.78396716257545,-0.12310985214008,0.693117456027074,0.582939482667191,-0.114868789772278,-0.43282338259978,0.000109376963893376,0.000109376963893376
-0.088749993012068,-0.811470185065406,-0.11855347831588,0.730534541454669,0.589650361736565,-0.131223030039876,-0.47740766140585,-0.00056388072289172,-0.00056388072289172
-0.133730219542187,-0.776072967775054,-0.109976720304769,0.691067730704066,0.54117247484874,-0.124340360904263,-0.46932092620622,-0.00175325100822928,-0.00175325100822928
-0.171672305149028,-0.703263665789394,-0.0994477360255715,0.625288922447036,0.498967590354949,-0.144603559513154,-0.467014723818017,-0.00147566343704806,-0.00147566343704806
-0.209036257566512,-0.63835698857354,-0.0967730949924137,0.567196904663809,0.465223314067033,-0.143687941810701,-0.464514706644989,-0.00123639661320269,-0.00123639661320269
-0.23031203819226,-0.573145586582684,-0.0856775888396875,0.519339129173217,0.427589761890994,-0.124622871757178,-0.452815426746807,-0.000639448533400866,-0.000639448533400866
-0.253355313858854,-0.506111714810028,-0.0861303675339177,0.474826959491169,0.380240606192248,-0.135565119849056,-0.434869151716935,-0.000447733310895204,-0.000447733310895204
-0.253121630409549,-0.437383358109607,-0.0800078090070783,0.416447503495047,0.336525913500186,-0.106701768544805,-0.410712055965,-0.000225725115774081,-0.000225725115774081
-0.248603852983339,-0.373293194009558,-0.0824610483197369,0.375483170632204,0.27694743902717,-0.112634902624528,-0.372483859911666,-0.00015335997041678,-0.00015335997041678
-0.249368288496662,-0.305570958210843,-0.0789087346892363,0.303705197145945,0.23938987081631,-0.0925219628247394,-0.352411810695315,6.52511198816763e-05,6.52511198816763e-05
-0.21812556261154,-0.235807036023651,-0.0763199189675182,0.230070415070834,0.189480930741419,-0.0565545259565083,-0.303484331987759,-0.000303506704017048,-0.000303506704017048
-0.206313697567805,-0.191480670217249,-0.0709490271838147,0.206615069315216,0.155602887649538,-0.079558944827029,-0.299732005489414,0.00124359055288888,0.00124359055288888
-0.212295816968079,-0.164798913448862,-0.0699367403668129,0.172201548819214,0.141544767858132,-0.0538103252774112,-0.313348751089702,0.00109197117937562,0.00109197117937562
-0.161802694678264,-0.0973927373802439,-0.0777223288541758,0.0839624625009234,0.0805300487845106,-0.0100836431428406,-0.210964448786232,-0.00184251563099168,-0.00184251563099168
-0.140569161969042,-0.0366768780784437,-0.0632910264179753,0.0280156337522154,0.0463842300551728,-0.0251367022410243,-0.194367228372975,0.000747646163405599,0.000747646163405599
-0.131186819893349,-0.0262700157291377,-0.05865777824204,0.03340470899819,0.0324554663785978,-0.0211747454621724,-0.25778814307029,0.00227869511457315,0.00227869511457315
-0.126916750068972,0.0199842693472156,-0.0727468730417938,-0.0399946416622899,-0.00789348511926583,0.0186892104673879,-0.237184721794522,-0.000904699690810126,-0.000904699690810126
-0.100946040503718,0.0812121529751174,-0.0883701900129291,-0.118301044976553,-0.0487546388932712,0.0428105646802258,-0.209107618511536,-0.000561988823553849,-0.000561988823553849
-0.0896966475070495,0.120063386414926,-0.0999751438346087,-0.136077112953388,-0.0863980089988624,0.0230675959786505,-0.139889166472024,-0.000903602261923403,-0.000903602261923403
-0.0777735737427726,0.174557352796448,-0.102417220182601,-0.195890180750419,-0.120750478805256,0.0580695768384526,-0.139927925240609,-6.44455396305865e-05,-6.44455396305865e-05
-0.0439480925484433,0.243569545338877,-0.109014433169928,-0.269127637321739,-0.166749689998083,0.0911579221948317,-0.129896973392722,-0.000376827392328666,-0.000376827392328666
-0.0369757841479148,0.272448704052091,-0.113140580140904,-0.265135021527935,-0.191072076565708,0.060604305348264,-0.0805057625661392,0.000395413844321513,0.000395413844321513
-0.0285155021576773,0.309852279294037,-0.11305089492917,-0.303460493791689,-0.221111965276535,0.0937194406661281,-0.0657872224038324,0.000273840502738709,0.000273840502738709
0.00509500619866678,0.377117342550206,-0.112506623386951,-0.376849613796705,-0.275970702353329,0.128926191033521,-0.048022851108732,-0.000200708978015496,-0.000200708978015496
0.00915320369300253,0.409297593186598,-0.110947346940213,-0.380014571538225,-0.304523411380776,0.0904260183207322,-0.0123831943587238,0.000828878627523427,0.000828878627523427
0.00735774916626398,0.437455463460346,-0.109891518855638,-0.407689635633694,-0.329723716174529,0.111131025181059,0.0053784979068787,0.000310577672568729,0.000310577672568729
0.0262399748245716,0.499456155272798,-0.102829872356365,-0.470861413578839,-0.388921144803955,0.143232777021127,0.0305306468346681,-0.000475357613902758,-0.000475357613902758
0.02084680320996,0.532027776092271,-0.0981649369063807,-0.470890076967938,-0.416702329232998,0.0990583635059259,0.0589129454529436,0.000779061840450235,0.000779061840450235
0.00689440184792281,0.558831456091474,-0.0954019367613668,-0.491509037652667,-0.444613948279003,0.113143490862525,0.0758315112710834,9.91245907370764e-05,9.91245907370764e-05
0.00421362068844398,0.618944552341898,-0.0786668028315189,-0.54287295746426,-0.500282827918606,0.134314350366091,0.100974410982284,-0.000565939004398275,-0.000565939004398275
-0.0083410285357708,0.676812432887862,-0.0678437125581493,-0.565520781042147,-0.570868499216,0.109598962157372,0.134767226608774,-7.22989687256537e-05,-7.22989687256537e-05
-0.0450666549060115,0.699269230309269,-0.0644960751025989,-0.567634190588074,-0.542523160775822,0.0679436898033045,0.12489381054443,0.00175332733278935,0.00175332733278935
-0.0821407751191409,0.661369572371845,-0.0533582947076142,-0.511793194162161,-0.505515727714671,0.0752075820685021,0.117932772258175,0.000820996793294893,0.000820996793294893
-0.10359520589648,0.593332986014404,-0.0513927230288945,-0.423836677738153,-0.464199409910594,0.0430965793120163,0.11223308182084,0.0011614616190862,0.0011614616190862
-0.114534287332894,0.522365871254667,-0.054122317465739,-0.371744363763438,-0.398906378953463,0.0313813227866621,0.0882015395173341,0.00110839349228534,0.00110839349228534
-0.114534287332894,0.522365871254667,-0.054122317465739,-0.371744363763438,-0.398906378953463,0.0313813227866621,0.0882015395173341,0.00110839349228534,0.00110839349228534
-0.120863232604887,0.482604377684199,-0.021274173094371,-0.356488715089662,-0.411054675386825,0.0678060662533133,0.0876182787007835,-0.000502265174455091,-0.000502265174455091
-0.115743273743104,0.514253336751872,0.00704245837437785,-0.393680055277793,-0.448556658997596,0.0233424918835749,0.0820703576989758,-0.00131438741882117,-0.00131438741882117
-0.12655289081461,0.471971211590453,0.0050172602881982,-0.363238523101861,-0.374945347267953,0.014847809194121,0.0514244442408676,0.00172311036623181,0.00172311036623181
-0.12756390109835,0.410793599430543,-0.000958961973093281,-0.295841584997926,-0.341597418502205,-0.00434269562398474,0.0331105709454974,-9.06630686467041e-05,-9.06630686467041e-05
-0.128452382793292,0.365113454587058,-0.0194053682580202,-0.26509761479529,-0.297541152460829,-0.00822225649838655,0.0101044655126136,2.1168403422242e-05,2.1168403422242e-05
-0.1264043770219,0.304243178678814,-0.019619418643273,-0.203415545934773,-0.2476144743563,-0.0140176064208634,-0.00809523750307513,0.00012639679613953,0.00012639679613953
-0.113805603921656,0.239068474084429,-0.0315010144450284,-0.149238171628347,-0.185606716378939,-0.017187536256458,-0.0190943458217934,0.000399709924185823,0.000399709924185823
-0.104308447332361,0.199500957141079,-0.0352633411535286,-0.136093607537582,-0.186491177062009,0.00201538219373559,-0.034817481298708,-0.000643879991419946,-0.000643879991419946
-0.10394689400594,0.203242778428565,-0.0202556797965558,-0.153469961117867,-0.182247279536504,0.00692211125602431,-0.0557928989415046,-0.000716146175076232,-0.000716146175076232
-0.0980713561551678,0.173509701847592,-0.0345547552983015,-0.127914913322524,-0.147409705237231,-0.000641074358152968,-0.0728360998230858,-0.000511638707809306,-0.000511638707809306
-0.0820542713973441,0.109029301428079,-0.0503270306378059,-0.0556337866913851,-0.0888123053838687,-0.017636376354214,-0.0708585448196602,0.000965745350883923,0.000965745350883923
-0.0808624623218839,0.0901324798917611,-0.0536044725449499,-0.0595742300286743,-0.0825588565735633,0.00572249225596162,-0.0777547463543579,-0.00202889037249206,-0.00202889037249206
-0.0593942620609909,0.0424317978217513,-0.0463214174391367,-0.00685247682551587,-0.0434216750724023,-0.00640376064129462,-0.0471127661498316,0.00133448214348594,0.00133448214348594
-0.0473437293817738,0.0509599026246729,-0.00432098392347823,-0.0243967879596859,-0.044334690758064,-0.00573751006204686,0.0532161876470538,-0.00268483562584208,-0.00268483562584208
-0.0204513331800027,0.0999742995226427,0.0579343880856794,-0.0867483454754931,-0.079259335957771,-0.000842853035274633,0.156001223322852,-0.00037537413216425,-0.00037537413216425
-0.00335026446970075,0.164841562980329,0.149686149880127,-0.151375742094172,-0.119319981980759,0.011775276686474,0.229462707827787,-0.000133954212282877,-0.000133954212282877
0.0232269681053629,0.215593043252998,0.200574486457111,-0.194990362176776,-0.156379989575134,-0.00797241999856995,0.282629877724409,0.000357735362525813,0.000357735362525813
0.0236709753785805,0.26914176154737,0.263969226048837,-0.234481026763263,-0.191099717179039,-0.0173745376960121,0.329459085140439,0.000130195047937348,0.000130195047937348
0.0187768137853482,0.330558868619416,0.284405695054311,-0.294692630240343,-0.242410556164885,-0.00833241855281969,0.379732263399106,-0.000482693351317481,-0.000482693351317481
-0.00776465487033243,0.382025201273321,0.327633820884219,-0.331517689630322,-0.25787011952517,-0.0289227738393174,0.413591642394783,-0.000472628774948636,-0.000472628774948636
-0.0340843807092108,0.445086498754294,0.340572186868748,-0.390690620716019,-0.288717914053264,-0.0339377737464492,0.45432309492586,-0.00060827958136625,-0.00060827958136625
-0.0679232903806677,0.509336824843296,0.377562841337777,-0.432122337724696,-0.313861875287592,-0.0472280764305607,0.495152355300962,-0.000431103526735088,-0.000431103526735088
-0.0954843463444388,0.57208770778617,0.392813350015541,-0.489469969985419,-0.332831972389225,-0.0561826841689656,0.53035362874301,-3.45738163912424e-05,-3.45738163912424e-05
-0.130660118540156,0.639944685078307,0.434601998932231,-0.549002107242873,-0.353455926697084,-0.0522330356840547,0.570413201613008,-0.000211563952448507,-0.000211563952448507
-0.148944888885123,0.693635220843681,0.466218216794662,-0.593058138202595,-0.354931287136646,-0.0836984911167219,0.608296203234718,0.000226722629945997,0.000226722629945997
-0.172968496008804,0.753699967928461,0.514779379031244,-0.650722849812867,-0.357189058955388,-0.0846072433555911,0.644075964392496,0.000383878146759498,0.000383878146759498
-0.142347284791963,0.730943872305929,0.502666831296509,-0.611026047438643,-0.288267577367625,-0.121083319238852,0.578185911419303,0.00373842038363051,0.00373842038363051
-0.125772336085165,0.660816007586313,0.465470717485559,-0.559435153106599,-0.239931876635146,-0.108764310871857,0.535867863067666,0.00123581493758476,0.00123581493758476
-0.108455810304097,0.588747356844713,0.432940867746111,-0.507579490093121,-0.194109989864048,-0.101815148138929,0.491809796396312,0.000966966094402333,0.000966966094402333
-0.0905709910254263,0.518370249413342,0.398823117986561,-0.460019856352092,-0.152605754143934,-0.095620999338172,0.450890396881813,0.000362940733128259,0.000362940733128259
-0.0726433825161417,0.457123786110601,0.365833846746905,-0.418031892876706,-0.118763653997029,-0.0940344237971346,0.413465954758011,-2.86434138333513e-05,-2.86434138333513e-05
-0.0438236536792511,0.383049422353327,0.322327382164176,-0.353672063948809,-0.0776293927253137,-0.0812477276341772,0.357737844878867,0.000162109933725937,0.000162109933725937
-0.0365276911605762,0.326004234188424,0.302570750938821,-0.308938629413801,-0.0601873400238341,-0.0711877840828785,0.348807859416059,-0.001295239804844,-0.001295239804844
-0.0292442290730754,0.312188355445078,0.292481879654358,-0.307790778836977,-0.047998309527079,-0.0562375134508916,0.348449054716951,-0.000780882012532694,-0.000780882012532694
0.00371681067617322,0.245710409133526,0.259976080315429,-0.247575883376851,-0.00467456084899243,-0.0528153101049945,0.264891546795676,0.00130505261792409,0.00130505261792409
0.0121969137799195,0.171383750851195,0.20254152106154,-0.169314597156412,0.00318537902975322,-0.0330394583768407,0.233022279605136,-0.00161487630017004,-0.00161487630017004
-0.00865786670568302,0.18743078996086,0.24053777136739,-0.207432840377812,0.0157740842384291,-0.0333854515289679,0.339742105814069,-0.00264091135675242,-0.00264091135675242
0.0286059183051623,0.212745048334957,0.285258157903755,-0.239523118671056,0.0536230770296361,-0.0416889554271322,0.338859941554293,0.00315932047571321,0.00315932047571321
0.0777213805667278,0.167875707684432,0.28302493995059,-0.175770962205354,0.0726665216142282,-0.0297843497388668,0.324585434925982,0.00168819763711395,0.00168819763711395
0.0970413953840903,0.07967840113294,0.235415922044016,-0.107956853375658,0.0521451112826028,0.00420186889665584,0.207832297774648,0.00224592151772826,0.00224592151772826
0.0882552734001141,0.00735321668229451,0.179735393189118,-0.0440969657723938,0.078810370259167,0.012915950324583,0.22261184831553,-0.00524643804720384,-0.00524643804720384
0.0993906687587362,-0.0187717001214743,0.220873833208345,-0.0542436762268707,0.164292491820316,0.0382867499708414,0.413328386881096,-0.00254512910176483,-0.00254512910176483
0.173238348899419,-0.0925934723642204,0.197136740173312,0.014799813436924,0.129787301055422,0.0548057257344006,0.238075176676409,0.00345175748092619,0.00345175748092619
0.173238348899419,-0.0925934723642204,0.197136740173312,0.014799813436924,0.129787301055422,0.0548057257344006,0.238075176676409,0.00345175748092619,0.00345175748092619
0.180697107295863,-0.172326356309285,0.171322015172173,0.0633265874272042,0.151139092930078,0.0655850355411877,0.193246858001533,-0.000953982534767889,-0.000953982534767889
0.173790536556022,-0.19724380287414,0.130080307686885,0.0975093850663056,0.137804801285239,0.0577280969245405,0.159790316783808,-0.00179171539528589,-0.00179171539528589
0.184048153224287,-0.261589581497242,0.0819857130793859,0.151220669859185,0.172922838249229,0.0626919660727454,0.160767475570515,-0.00103833788289953,-0.00103833788289953
0.17559484366825,-0.292621006739962,0.0736879409271022,0.186276846362984,0.153075160294999,0.0815192858071171,0.111899032964033,0.00131136237839746,0.00131136237839746
0.144876239210718,-0.26164830413954,0.0461767278304972,0.144559642086063,0.114131886629078,0.0822999831359842,0.0732857994457677,-0.00236382105236906,-0.00236382105236906
0.15354461956712,-0.29365903844486,0.00102921920365312,0.19984474067362,0.15014823236648,0.0786160893844431,0.0663788877602453,-0.000983914516994047,-0.000983914516994047
0.153491094637732,-0.35949784578199,-0.00644305452184732,0.26514249958826,0.179309023786528,0.0961644292049371,0.0510122932902815,0.00122213855207369,0.00122213855207369
0.186359048345154,-0.426363717592456,-0.0431340027338023,0.33563324819174,0.201542501685144,0.0904006695260985,0.0129882772655117,0.000982471795946821,0.000982471795946821
0.19858870877901,-0.483891581723061,-0.0558504721558388,0.391925472083109,0.218980524791931,0.10229965131658,-0.0284900589772104,0.00114424234088147,0.00114424234088147
0.208626326428846,-0.554975370974806,-0.092374675769764,0.440570432370405,0.231582194256489,0.123039908698858,-0.0723273453967783,0.000442046017213121,0.000442046017213121
0.211746496488587,-0.622853798887427,-0.123600712406275,0.500424662682838,0.253791106013563,0.115384441105198,-0.129378936100549,0.00021920575359588,0.00021920575359588
0.216127402297213,-0.679212390244895,-0.168991513760761,0.556647651488441,0.285600186506557,0.0970033148516135,-0.201184350853702,-0.000219123250421463,-0.000219123250421463
0.205661105211095,-0.738901637288207,-0.21366673645593,0.61609035622265,0.310298431791191,0.0882956800851141,-0.277727070583368,-0.000224774176029029,-0.000224774176029029
0.157904070004204,-0.711878267605564,-0.229298875231521,0.581308445309153,0.277844426274764,0.0804667747853546,-0.304854197390436,-0.00214848067166574,-0.00214848067166574
0.111218021852401,-0.637075223150519,-0.231013041854909,0.512400490354131,0.254010842566863,0.0751062988459942,-0.328881308814636,-0.00210480442451308,-0.00210480442451308
0.0826777599678999,-0.572092544652728,-0.243715399585744,0.48254485667186,0.238551769716884,0.0342357413867563,-0.34591218021609,-0.00168617672993619,-0.00168617672993619
0.0439898076127263,-0.499838399290949,-0.251739042982814,0.431495892099159,0.217979491031703,0.0221306280569908,-0.346918111495225,-0.00114989930333286,-0.00114989930333286
0.00607297223579728,-0.417921669836151,-0.235063673449083,0.372291075650998,0.186471459894327,0.034684907516433,-0.333033066898614,-0.00078557891568834,-0.00078557891568834
-0.00474484056003615,-0.354086378047647,-0.238080695388484,0.335613924885111,0.173112220441172,-9.79595550340964e-05,-0.33463045564145,0.000370881740797038,0.000370881740797038
-0.0143534905225767,-0.341506996717932,-0.241120969744037,0.353248184712892,0.172733638281335,-0.00190629925778762,-0.365746773759447,0.00184856743221619,0.00184856743221619
-0.0346614723459185,-0.315359799228882,-0.242686692245112,0.320087007801797,0.154671595521422,0.00363902780874087,-0.360733359881137,0.000724810624529754,0.000724810624529754
-0.0595362010751525,-0.252530312246301,-0.210281447393747,0.244866811246992,0.114802640853077,0.0261853459108163,-0.310599914224831,-0.000535524939787993,-0.000535524939787993
-0.0515825636823951,-0.211700430617975,-0.200716293036976,0.217750515273283,0.101706970009004,-0.0119049503911451,-0.306075016011153,0.000805488975772331,0.000805488975772331
-0.0584400780487846,-0.182365257322275,-0.194975636137918,0.181292549567497,0.087248297584542,-0.00877043920373237,-0.294045486152283,0.000159355759341687,0.000159355759341687
-0.0689726532574408,-0.142251708759776,-0.167460978424106,0.138741202830161,0.0642815459169937,0.00934731658583648,-0.273593455859575,9.52182254121414e-06,9.52182254121414e-06
-0.0713648734004381,-0.111770633907596,-0.159101532837574,0.111501473250457,0.0412019840442196,-0.000781167577422867,-0.207744661013379,-0.00195942406352334,-0.00195942406352334
-0.062493813383097,-0.0340685524164078,-0.102256906939783,0.0317810646537882,0.0181194376766356,0.00212641115925686,-0.145933141566855,0.00110274158149853,0.00110274158149853
-0.0488936516021538,-0.0530204363953257,-0.106642714278052,0.077253055338678,0.0160445718643464,-0.00826059810729613,-0.173537279991493,-0.000902253705145822,-0.000902253705145822
-0.0472398277225502,-0.00977113767819962,-0.0731489048241246,0.0192617244974865,0.000445295969651149,-0.00446042278585356,-0.0576389201996724,-0.000448243407496898,-0.000448243407496898
-0.0263408920428247,0.0259067821903472,-0.0144954518835733,-0.0161880040251469,-0.00225638505952563,0.0070152090042245,0.00240149806751629,0.0014417510542952,0.0014417510542952
0.00772721883778206,0.0148282437642392,0.000540986342565586,-0.00131610296933958,0.00317868289979715,-0.00816688377712703,-0.00130189773882886,0.00151715878747792,0.00151715878747792
0.0155816032501797,0.010673150290806,0.0288056821536448,-0.00766516867699875,-0.000177997577576746,0.0146097318802003,0.000386870039952782,0.000844332629406318,0.000844332629406318
0.027133113573988,-0.00529966149038394,0.0207335793346692,0.00132725154421002,0.00350773444741843,-0.00328454102254466,-0.00249761565677438,0.000339151136400911,0.000339151136400911
0.0260964024747141,-0.0107411823939101,0.0245794270690966,0.0074583137349904,0.000139423372386403,-0.00717937552205461,-0.000139002665200762,-0.000134354824021556,-0.000134354824021556
0.017696111105608,-0.0116337712767999,0.0099402477142573,-0.00369697161294438,0.00258475999310857,-0.00592988220089379,-0.0025821315100446,-0.000452181516970868,-0.000452181516970868
0.00336786803360903,-0.00323761474414712,0.0141648233588342,-0.0141138326832039,-0.00195821083182797,0.0121345724093276,0.000255605008578741,-0.000689020449148054,-0.000689020449148054
0.00487796959478114,-0.00711829288512622,0.00171724624201454,0.00601143007166219,-0.000864801050139606,-0.00986199817452276,0.000471515661607096,-0.000365775351366366,-0.000365775351366366
-0.00156919887942091,-0.00323642935493408,-0.0103177609127729,-0.00135692182939615,0.00201850529533648,-0.00664793402655877,-0.00180916752085884,-0.000208448672551383,-0.000208448672551383
-0.0106564535223986,0.00642353261812623,0.000145161562936109,-0.00956431395777101,-0.00193341772570216,0.0129800998136542,0.000916883859850207,-0.000181934006544687,-0.000181934006544687
-0.0106564535223986,0.00642353261812623,0.000145161562936109,-0.00956431395777101,-0.00193341772570216,0.0129800998136542,0.000916883859850207,-0.000181934006544687,-0.000181934006544687
-0.0033103356235782,0.00170226198987797,-0.0117412896623917,0.00223709994915822,0.00223435201849244,-0.00483988310193228,-0.00146487619504364,0.000227881422952951,0.000227881422952951
-0.0033103356235782,0.00170226198987797,-0.0117412896623917,0.00223709994915822,0.00223435201849244,-0.00483988310193228,-0.00146487619504364,0.000227881422952951,0.000227881422952951
0.000120914055098799,0.000691705946391207,-0.00251058523208361,0.0113174081196668,-0.000489795451359655,-0.00755878713022645,0.00102514077882759,0.000278276544368091,0.000278276544368091
-0.00641393341797184,0.00659513945570681,0.00479034471971655,-0.00846914825464901,-0.0016550806640026,0.014141903766459,0.000955009191681202,2.11204305108658e-05,2.11204305108658e-05
0.00181636252141687,-0.00153726590101958,-0.00649193313940361,0.000803048854502121,0.00230504015788593,-0.00497393768263984,-0.00161627604097901,0.000129114243017896,0.000129114243017896
0.00274183479944991,-0.00256179338166939,-0.00558898047479436,0.000186623575481916,0.00229219373734066,-0.00521865450984772,-0.0016729308014351,6.65216374681433e-05,6.65216374681433e-05
-0.00352848412394088,0.00358743247470835,0.00756703474259807,-0.0102423318867393,-0.00171825695952913,0.013483022741847,0.000803968121834719,-0.000157585786666235,-0.000157585786666235
0.00482796465862048,-0.00375757585800594,0.00210997660415309,0.00877373635649974,-0.000540931532450839,-0.00841798022297343,0.000784223864180744,3.01077152965021e-05,3.01077152965021e-05
0.00281773239832573,-0.00326273211654686,-0.00557397831347939,-0.000370236546352279,0.00226004126264706,-0.00558675419819101,-0.00173723548950389,-1.46213950199849e-05,-1.46213950199849e-05
0.00404213082197355,-0.00324825909021491,0.00130417292329714,0.00900233397617622,-0.000552426030594079,-0.0084163620140798,0.000794195683334074,3.51639486912221e-05,3.51639486912221e-05
0.00190294954071229,-0.00248629381303633,-0.00648737731261193,4.59262369341623e-05,0.00226097973628462,-0.00547681798740664,-0.00170965684972792,1.42001168903159e-05,1.42001168903159e-05
-0.00514536825943887,0.00465989478939516,0.00593514338390707,-0.00974322009370203,-0.00173354887309762,0.0135215335898667,0.000828783907441458,-0.000141605753050093,-0.000141605753050093
0.00302469123963842,-0.00223728055245354,0.000310680895580852,0.00959091563827812,-0.000540465513422999,-0.00819828904811716,0.000842785577030993,8.86120097357354e-05,8.86120097357354e-05
-0.00543927115348042,0.00500835074208045,0.00565709428731302,-0.0095277424402292,-0.00172516137619014,0.013625669097367,0.000850713689132456,-0.000116074446825305,-0.000116074446825305
0.00298224912057044,-0.00214134238031878,0.000278067987666706,0.00966167506197294,-0.00053558548293263,-0.00814554240885916,0.000855478696217423,0.000101740051390247,0.000101740051390247
-0.00529795937536404,0.00490870414096894,0.00579960482054998,-0.00957620025847627,-0.00172394443300645,0.0136280167225532,0.000852861514363282,-0.000114485804967023,-0.000114485804967023
0.00321469825721962,-0.00234834014582376,0.000509284669106911,0.00954830146748374,-0.000535986159758034,-0.00817499510889191,0.000850784467925024,9.55047597569595e-05,9.55047597569595e-05
0.00164462048622518,-0.00211053086635233,-0.00673356522823407,0.00029447327456797,0.00226507304132781,-0.00532776183183401,-0.00167258235398634,5.06379768090203e-05,5.06379768090203e-05
-0.00496932274739403,0.00459511761012537,0.00612046161125207,-0.00975548814266001,-0.00172715063488031,0.0135638530091926,0.000840281016486051,-0.000129301303557022,-0.000129301303557022
0.00177519913355387,-0.00224156481746736,-0.00660479552800542,0.000217806211779651,0.00226477818965183,-0.00536208252256873,-0.00168091287970922,4.23691298836786e-05,4.23691298836786e-05
-0.00491443865433842,0.00453783146397532,0.00617328318391666,-0.0097894513730391,-0.00172810703890031,0.0135452040385685,0.000835258722667222,-0.000134363302023258,-0.000134363302023258
0.00345239142968015,-0.00258537891697611,0.000740256343903744,0.00940912689066765,-0.00053870597447632,-0.00823709064352924,0.000835601953910348,8.00475679045929e-05,8.00475679045929e-05
0.00173261651165634,-0.00220533603329727,-0.00664655209858392,0.000236832373441979,0.00226558878838919,-0.0053624456510584,-0.00168290506614078,4.15649562085641e-05,4.15649562085641e-05
-0.00500067727788723,0.00461688075484308,0.00608855293788336,-0.00974502598780589,-0.00172764160093966,0.0135574801022012,0.00083667730217968,-0.000132156633209006,-0.000132156633209006
0.0016666675640771,-0.00214357334264508,-0.00671177386996234,0.000271762708288056,0.00226578869257779,-0.00534968990958468,-0.00168026353777761,4.44430088556206e-05,4.44430088556206e-05
-0.00505109518889459,0.0046637137000799,0.00603921948937969,-0.00971853669723654,-0.00172725727255658,0.0135681008265869,0.000839131557582947,-0.000129547378222583,-0.000129547378222583
0.00332570625082317,-0.00246750775770573,0.000615484168516864,0.00947572237188791,-0.00053809138839894,-0.00821267450895446,0.000840810701954593,8.56739039759836e-05,8.56739039759836e-05
0.00163965727877596,-0.00211850827347678,-0.0067388222820178,0.000286080953573221,0.00226550943346984,-0.00534203328982813,-0.00167780964318039,4.65119728636549e-05,4.65119728636549e-05
-0.00505168053167954,0.00466413140282641,0.00603873927953816,-0.00971833328307425,-0.00172719012687266,0.0135700605457716,0.000840186166859885,-0.000128712896943392,-0.000128712896943392
0.00334349746495607,-0.0024840250146872,0.000633203477157691,0.00946663776740484,-0.000538100728400479,-0.00821460045376567,0.000840917603960919,8.54944114560649e-05,8.54944114560649e-05
0.00166618773931185,-0.00214282833097406,-0.00671263665674831,0.000272511182057253,0.00226535628941361,-0.00534618214602124,-0.0016784110544373,4.56860210030786e-05,4.56860210030786e-05
0.00336074166453121,-0.00249960142024694,0.000650229314483498,0.00945793758044808,-0.000538149940082038,-0.00821786446906568,0.000840160971776318,8.47197526582655e-05,8.47197526582655e-05
0.00336493401979177,-0.00250331061186975,0.0006543544346669,0.00945585651117747,-0.00053816546592648,-0.00821880453284708,0.00083987609741724,8.44625561245398e-05,8.44625561245398e-05
-0.00501899058142054,0.00463470868236923,0.00607085899623103,-0.00973474693219797,-0.00172735707969018,0.0135638686283396,0.000838771439001605,-0.000130210481721225,-0.000130210481721225
0.00336520511418603,-0.002503428108988,0.000654584614020561,0.00945575827683132,-0.000538178177987982,-0.00821920157220536,0.000839636370309105,8.42921298925468e-05,8.42921298925468e-05
0.00167576135234419,-0.0021513107798964,-0.00670299270166779,0.000267756858255702,0.00226549074077299,-0.00534878827703016,-0.00167933106602698,4.4942373191939e-05,4.4942373191939e-05
-0.00502533261152046,0.00464042977901122,0.00606460836316658,-0.00973155075185319,-0.00172734116255095,0.0135647295811535,0.000838844848514074,-0.000130078173761134,-0.000130078173761134
0.00167035715969967,-0.00214648869037747,-0.00670836090281537,0.000270425379114584,0.00226549214337003,-0.00534785163923798,-0.00167912916408711,4.51550113268042e-05,4.51550113268042e-05
0.00167035715969967,-0.00214648869037747,-0.00670836090281537,0.000270425379114584,0.00226549214337003,-0.00534785163923798,-0.00167912916408711,4.51550113268042e-05,4.51550113268042e-05
-0.00502965549759122,0.0046442379334275,0.00606035380446814,-0.00972944757424033,-0.00172732333484297,0.0135655361327272,0.000839044170003852,-0.000129875113743871,-0.000129875113743871
0.00166778279579309,-0.00214422472172706,-0.00671094048187782,0.000271679887917259,0.00226547193969048,-0.00534728615440783,-0.00167895413174875,4.53061844577459e-05,4.53061844577459e-05
-0.00503055201358855,0.00464500397321371,0.00605947533868089,-0.00972903129714605,-0.00172731584705171,0.0135657883748935,0.000839141576666704,-0.000129789952313177,-0.000129789952313177
0.00335523928305147,-0.00249457668265977,0.000644728146496147,0.00946066784990444,-0.000538158971475394,-0.00821737344020294,0.000840078869858909,8.47345200706429e-05,8.47345200706429e-05
0.00166901697044577,-0.002145333837378,-0.00670973260140325,0.000271073224528487,0.00226545407040929,-0.00534738225890746,-0.00167892801196862,4.53045781833372e-05,4.53045781833372e-05
-0.0050285027183453,0.0046431930454291,0.00606149772214299,-0.00973003351826705,-0.00172731975036328,0.013565490857871,0.000839098408173208,-0.000129845866193298,-0.000129845866193298
0.00167043029942889,-0.00214658000285374,-0.00670832529446016,0.000270386473398321,0.00226545639797545,-0.0053476332179832,-0.0016789882729871,4.52449179577084e-05,4.52449179577084e-05
-0.00502748434962176,0.00464230333699892,0.00606250025529603,-0.00973052289315492,-0.00172732404937943,0.0135652956489974,0.000839046110830086,-0.000129897494888399,-0.000129897494888399
0.00335793106929265,-0.00249694469477638,0.000647393616397989,0.00945936094973608,-0.000538162341703008,-0.00821785314835816,0.000839961855836361,8.46181604611615e-05,8.46181604611615e-05
-0.00502741521046667,0.00464224531043591,0.00606256675624084,-0.00973055399278091,-0.00172732575763531,0.0135652569288301,0.000839026662667624,-0.000129913449078034,-0.000129913449078034
0.00335768322906326,-0.00249672424528002,0.000647145116225481,0.00945947907571279,-0.000538163349781961,-0.00821783266692971,0.00083995785124251,8.46182877954424e-05,8.46182877954424e-05
-0.00502782894053072,0.00464260781629577,0.0060621581918634,-0.00973035418730099,-0.00172732513469682,0.0135653160926026,0.000839035599127932,-0.000129902155526806,-0.000129902155526806
0.00335725047436976,-0.0024963442360156,0.000646715740847529,0.00945968770326152,-0.000538163172873807,-0.0082177615725015,0.000839973313518307,8.46345184867064e-05,8.46345184867064e-05
0.00335710876360495,-0.00249622017833011,0.000646575687373349,0.00945975645399679,-0.000538162873303168,-0.00821773410745935,0.00083998099647295,8.46417118996893e-05,8.46417118996893e-05
-0.00502825259935249,0.00464297808725012,0.00606174111021672,-0.00973015050155963,-0.00172732335828448,0.0135653959840206,0.000839056637089784,-0.000129881230592499,-0.000129881230592499
-0.00502826436292789,0.00464298840113615,0.00606172979536189,-0.0097301448493962,-0.00172732308209335,0.0135654018866879,0.000839059435345292,-0.000129878893761188,-0.000129878893761188
0.00335705243577588,-0.0024961714146939,0.000646521472518475,0.00945978522963395,-0.000538162109142966,-0.0082177123205578,0.000839990734202631,8.46493888041528e-05,8.46493888041528e-05
-0.00502817097131929,0.00464290688519212,0.00606182222300622,-0.00973018971719171,-0.00172732306419102,0.0135653909364976,0.000839058777706357,-0.000129880346851122,-0.000129880346851122
0.00335717433820433,-0.00249627840338475,0.000646642652268358,0.0094597267849782,-0.000538162057940611,-0.00821773067659089,0.00083998735440925,8.46455282563801e-05,8.46455282563801e-05
-0.00502805584129316,0.00464280624285464,0.0060619357162322,-0.00973024510242085,-0.00172732342212675,0.0135653713486568,0.000839054329727087,-0.000129885028304079,-0.000129885028304079
0.00335725977229641,-0.00249635332403005,0.000646727111462213,0.00945968528456597,-0.000538162231539656,-0.00821774698032811,0.000839982896809108,8.46413104831466e-05,8.46413104831466e-05
0.00167028047662066,-0.00214644522461777,-0.00670846755933071,0.000270457817491283,0.00226546290440137,-0.00534765292060549,-0.00167901039750388,4.52326535545893e-05,4.52326535545893e-05
0.00335726997953331,-0.0024963622759735,0.000646736891197943,0.00945967994106114,-0.000538162391505302,-0.00821775119984089,0.000839980997871686,8.46398148743351e-05,8.46398148743351e-05
0.00167026399827965,-0.00214643090241958,-0.0067084836862292,0.000270465491701934,0.0022654631642894,-0.00534765224879123,-0.00167901100074022,4.52324790378264e-05,4.52324790378264e-05
0.00167024557347901,-0.00214641472979824,-0.00670850197702712,0.000270474348686063,0.00226546319435379,-0.00534764948403947,-0.00167901049526581,4.52330682191055e-05,4.52330682191055e-05
-0.00502806095309007,0.0046428104603308,0.00606193034935612,-0.00973024281406561,-0.00172732368217885,0.013565367813906,0.000839051936173303,-0.00012988688630552,-0.00012988688630552
0.0033572098448399,-0.00249630950211059,0.000646677162599726,0.00945970883292477,-0.000538162392737628,-0.00821774178947498,0.000839982886989666,8.46418798272331e-05,8.46418798272331e-05
0.00167021078001273,-0.00214638405417444,-0.00670853670504468,0.000270491291138624,0.00226546306117936,-0.00534764277918526,-0.00167900867687898,4.52347560766686e-05,4.52347560766686e-05
-0.00502808108744224,0.00464282814764775,0.00606191057334486,-0.00973023306503297,-0.00172732356064363,0.0135653721363854,0.000839053233831814,-0.000129885650756496,-0.000129885650756496
0.00335720416389717,-0.00249630449595816,0.000646671668930229,0.00945971176018032,-0.000538162325910144,-0.00821773982201264,0.000839983708413467,8.46425427308119e-05,8.46425427308119e-05
0.00167021614143942,-0.00214638868987349,-0.00670853148063676,0.000270488827762783,0.00226546295266575,-0.00534764280710693,-0.00167900837196121,4.52348855277146e-05,4.52348855277146e-05
-0.00502806938547488,0.00464281794514276,0.00606192214313941,-0.0097302386762132,-0.00172732356833475,0.0135653706109541,0.000839053053898933,-0.000129885909526208,-0.000129885909526208
0.00335721769195669,-0.00249631637352996,0.000646685103574044,0.00945970525463449,-0.000538162326859228,-0.00821774195039124,0.000839983277254831,8.4642073368254e-05,8.4642073368254e-05
0.00167022801299333,-0.00214639914843552,-0.0067085196541629,0.000270483065408832,0.00226546297597808,-0.00534764493094623,-0.00167900889551831,4.52343736608072e-05,4.52343736608072e-05
-0.00502806109218927,0.00464281066694864,0.00606193030111113,-0.009730242687371,-0.00172732360817884,0.0135653689915186,0.000839052614306923,-0.00012988634275861,-0.00012988634275861
0.00167022920413821,-0.00214640021893232,-0.00670851844035123,0.000270482454188553,0.00226546300592025,-0.00534764536055358,-0.00167900907384765,4.52342385124798e-05,4.52342385124798e-05
0.00167022828584392,-0.00214639941717821,-0.00670851934495769,0.000270482888463281,0.0022654630142363,-0.00534764527426352,-0.00167900907852099,4.52342480090385e-05,4.52342480090385e-05
-0.00502806341340969,0.00464281268357325,0.00606192799951641,-0.00973024157933488,-0.00172732361234517,0.0135653692049512,0.000839052598360092,-0.000129886332758412,-0.000129886332758412
-0.00502806341340969,0.00464281268357325,0.00606192799951641,-0.00973024157933488,-0.00172732361234517,0.0135653692049512,0.000839052598360092,-0.000129886332758412,-0.000129886332758412
0.00335721812233368,-0.00249631675987673,0.000646685476069248,0.00945970497461813,-0.000538162351169315,-0.00821774241475071,0.000839983027854925,8.46418869182902e-05,8.46418869182902e-05
0.00167022458311717,-0.00214639615844141,-0.00670852302767769,0.000270484679454074,0.00226546301313498,-0.00534764466005881,-0.00167900894351487,4.52343888785439e-05,4.52343888785439e-05
-0.00502806641600443,0.0046428153164025,0.00606192504277138,-0.00973024012875597,-0.00172732360027324,0.0135653697520991,0.000839052734422327,-0.000129886194268935,-0.000129886194268935
0.00335721625229854,-0.00249631511485938,0.000646683632437865,0.00945970589291865,-0.00053816234507754,-0.00821774202203635,0.000839983145842305,8.46419942842596e-05,8.46419942842596e-05
-0.00502806649330031,0.00464281538832634,0.00606192497051977,-0.00973024008836383,-0.00172732359689367,0.013565369814674,0.000839052766106437,-0.000129886168166871,-0.000129886168166871
-0.00502806618049404,0.00464281511558324,0.00606192527990526,-0.00973024023850076,-0.00172732359688733,0.0135653697752149,0.000839052761971273,-0.000129886174494622,-0.000129886174494622
0.00335721708003274,-0.00249631584142735,0.000646684459381013,0.00945970550069794,-0.000538162343051035,-0.00821774211839508,0.000839983139612588,8.46419802475907e-05,8.46419802475907e-05
0.0016702249370543,-0.00214639645966236,-0.00670852269001014,0.000270484524678156,0.00226546299907967,-0.00534764460905683,-0.00167900889268219,4.52344178301617e-05,4.52344178301617e-05
0.00335721768428044,-0.0024963163726855,0.000646685057133996,0.00945970520687461,-0.000538162344120685,-0.00821774222928697,0.000839983111008072,8.46419524356505e-05,8.46419524356505e-05
0.00167022531552516,-0.00214639679468997,-0.00670852231084056,0.00027048433864319,0.00226546300165516,-0.0053476446905349,-0.00167900891739321,4.52343962039281e-05,4.52343962039281e-05
0.00335721782508642,-0.00249631649678925,0.000646685194634381,0.009459705135695,-0.000538162345131495,-0.0082177422694733,0.000839983095842471,8.46419398025646e-05,8.46419398025646e-05
0.00167022526752933,-0.00214639675356167,-0.00670852235727751,0.000270484359888778,0.0022654630034613,-0.0053476446973271,-0.00167900892422282,4.52343923061164e-05,4.52343923061164e-05
-0.00502806521175149,0.00464281426469681,0.00606192623355077,-0.00973024070744095,-0.00172732360154979,0.0135653695857604,0.000839052710806222,-0.00012988622502917,-0.00012988622502917
0.00335721755369521,-0.00249631625847184,0.000646684924423203,0.00945970526531832,-0.000538162345578482,-0.00821774223260194,0.000839983101061657,8.4641946671408e-05,8.4641946671408e-05
0.00167022497238179,-0.00214639649398454,-0.00670852264980066,0.000270484502155066,0.00226546300365431,-0.00534764464952298,-0.00167900891420259,4.52344030484584e-05,4.52344030484584e-05
